Produktname,Beschreibung,Verkäufer-ID,Mindestgebot (€)
CD-Player,Hochwertiger CD-Player mit exzellentem Klang.,mbidler,15
Computer,Leistungsstarker Computer für alle Ihre Bedürfnisse.,ljusseit,14
Tasse,Keramiktasse mit schönem Design.,jschulza,1
Monitor,"24-Zoll-Full-HD-Monitor, ideal für Arbeit und Gaming.",dsuess1,18
Smartphone,Modernes Smartphone mit großem Display und langer Akkulaufzeit.,nbetker,3
Tablet,Tablet mit hoher Auflösung und schnellem Prozessor.,acescott,20
Drucker,Multifunktionsdrucker für Zuhause oder Büro.,jfoerst7,1
Kopfhörer,Geräuschunterdrückende Kopfhörer für ein intensives Musikerlebnis.,nmorczin,15
Mikrowelle,Kompakte Mikrowelle mit verschiedenen Leistungsstufen.,yhani,17
Kühlschrank,Geräumiger Kühlschrank mit Gefrierfach.,mkaestn1,14
Toaster,Toaster mit einstellbarem Bräunungsgrad.,tschulle,20
Waschmaschine,Effiziente Waschmaschine mit verschiedenen Programmen.,svomstei,8
Laptop,Leichtes und leistungsstarkes Laptop.,ddick2,18
Staubsauger,Leistungsstarker Staubsauger mit HEPA-Filter.,fgalgano,19
Fernseher,4K-Fernseher mit brillanter Bildqualität.,fhenkenj,2
Blender,Starker Mixer für Smoothies und mehr.,mlauria,7
Lichtschalter,Energiesparender Lichtschalter für Ihr Zuhause.,mgueler2,4
Heizlüfter,Heizlüfter für schnelle Wärme an kalten Tagen.,hihor,8
Kaffeemaschine,Kaffeemaschine für aromatischen Kaffeegenuss.,akurmemo,5
Bügeleisen,Dampfbügeleisen für faltenfreie Kleidung.,soezmen1,1
Ventilator,Leiser Ventilator für heiße Sommertage.,ebuzkir,6
Tastatur,Mechanische Tastatur mit RGB-Beleuchtung.,lhesse4,16
Maus,Ergonomische Maus für präzises Arbeiten.,anebling,3
Router,Schneller Router für stabile Internetverbindungen.,breich,2
Modem,Kompaktes Modem für DSL- und Kabelverbindungen.,eeisele,2
Schreibtischlampe,Stylische Schreibtischlampe mit LED-Licht.,hkoop,10
Sessel,Komfortabler Sessel für entspannte Abende.,skuske1,5
Sofa,Großes Sofa mit viel Platz zum Entspannen.,tmarienh,7
Bett,Bequemes Bett mit hochwertiger Matratze.,jmenn,9
Schrank,Geräumiger Schrank für Ihre Kleidung.,orichte1,14
Regal,Robustes Regal für Bücher und mehr.,lruedena,12
Bücher,Interessante Bücher aus verschiedenen Genres.,ksebald,16
DVD,Spannende DVD-Filme für gemütliche Abende.,yhashemi,6
Blu-Ray Player,Hochwertiger Blu-Ray Player mit 4K-Unterstützung.,skusdoga,5
Spielkonsole,Spielkonsole für Gaming-Enthusiasten.,ssrioui,2
Smartwatch,Moderne Smartwatch mit vielen Funktionen.,vtran2,20
Fitness Tracker,Fitness Tracker zur Überwachung Ihrer Aktivitäten.,dschne13,16
Kamera,Professionelle Kamera für tolle Fotos.,fschuh2,20
Stativ,Stabiles Stativ für verwacklungsfreie Aufnahmen.,lueberbe,6
Objektiv,Hochwertiges Objektiv für verschiedene Fotografie-Bereiche.,dzajcev,19
Rucksack,Praktischer Rucksack für Alltag und Reisen.,cacar2,15
Handtasche,Elegante Handtasche aus echtem Leder.,kelali,15
Portemonnaie,Stilvolles Portemonnaie mit vielen Fächern.,mhasan5,7
Sonnenbrille,Modische Sonnenbrille mit UV-Schutz.,nasemota,17
Armbanduhr,Edle Armbanduhr für jeden Anlass.,tdemuth,15
Gitarre,Akustische Gitarre für Anfänger und Profis.,sdriouic,6
Klavier,Elektronisches Klavier mit realistischen Klängen.,jwendt3,2
Schlagzeug,Schlagzeug für rockige Musik.,kammar,9
Mikrofon,Kondensatormikrofon für klare Aufnahmen.,thorocho,15
Lautsprecher,Kraftvolle Lautsprecher für Heim und Party.,fmecklen,3
Verstärker,Verstärker für Musiker und Musikliebhaber.,emuth,13
Kabel,Verschiedene Kabel für Audio- und Videoverbindungen.,mbidler,17
Ladegerät,Schnelles Ladegerät für Smartphones und Tablets.,ljusseit,6
USB-Stick,Großer USB-Stick für Ihre Daten.,jschulza,13
Festplatte,Externe Festplatte mit viel Speicherplatz.,dsuess1,5
SSD,Schnelle SSD für Ihren Computer.,nbetker,9
Speicherkarte,Hochleistungs-Speicherkarte für Kamera und Handy.,acescott,13
RAM,Zuverlässiger Arbeitsspeicher für Ihren PC.,jfoerst7,5
Mainboard,Modernes Mainboard für aktuelle Prozessoren.,nmorczin,10
Prozessor,Schneller Prozessor für Gaming und Arbeit.,yhani,4
Grafikkarte,Leistungsstarke Grafikkarte für beste Spieleleistung.,mkaestn1,15
Netzteil,Robustes Netzteil für Ihren Computer.,tschulle,3
PC-Gehäuse,Stilvolles PC-Gehäuse mit guter Belüftung.,svomstei,8
Laptop-Tasche,Praktische Laptop-Tasche mit viel Platz.,ddick2,13
Schneeschaufel,Robuste Schneeschaufel für den Winter.,fgalgano,20
Rasenmäher,Effizienter Rasenmäher für Ihren Garten.,fhenkenj,16
Gartenschlauch,Langer Gartenschlauch mit guter Reichweite.,mlauria,12
Grill,Stabiler Grill für die Grillsaison.,mgueler2,19
Kohlegrill,Klassischer Kohlegrill für authentischen Geschmack.,hihor,2
Gasgrill,Bequemer Gasgrill für schnelles Grillen.,akurmemo,3
Feuerschale,Dekorative Feuerschale für den Garten.,soezmen1,12
Gartenstuhl,Komfortabler Gartenstuhl für draußen.,ebuzkir,12
Gartentisch,Großer Gartentisch für Familienfeiern.,lhesse4,8
Sonnenschirm,Sonnenschirm für Schatten im Sommer.,anebling,14
Liegestuhl,Bequemer Liegestuhl zum Entspannen.,breich,2
Hängematte,Robuste Hängematte für den Garten.,eeisele,10
Gartenwerkzeug,Praktisches Gartenwerkzeug-Set.,hkoop,10
Schraubendreher,Verschiedene Schraubendreher für alle Zwecke.,skuske1,12
Bohrmaschine,Leistungsstarke Bohrmaschine für Heimwerker.,tmarienh,6
Akkuschrauber,Kompakter Akkuschrauber für schnelle Arbeiten.,jmenn,4
Hobelmaschine,Effiziente Hobelmaschine für präzise Arbeiten.,orichte1,2
Schleifmaschine,Leistungsstarke Schleifmaschine.,lruedena,7
Kettensäge,Kraftvolle Kettensäge für die Holzarbeit.,ksebald,2
Laubsauger,Effizienter Laubsauger für den Herbst.,yhashemi,5
Laubbläser,Kraftvoller Laubbläser für Ihren Garten.,skusdoga,10
Heckenschere,Elektrische Heckenschere für saubere Schnitte.,ssrioui,20
Rasentrimmer,Praktischer Rasentrimmer für saubere Kanten.,vtran2,18
Hochdruckreiniger,Hochdruckreiniger für verschiedenste Reinigungsarbeiten.,dschne13,16
Fahrrad,Robustes Fahrrad für Alltag und Freizeit.,fschuh2,13
Fahrradhelm,Sicherer Fahrradhelm für Ihre Sicherheit.,lueberbe,15
Fahrradschloss,Starkes Fahrradschloss zum Schutz Ihres Rads.,dzajcev,9
Fahrradpumpe,Effiziente Fahrradpumpe für unterwegs.,cacar2,10
Skateboard,Cooles Skateboard für Tricks und Fahrten.,kelali,7
Inlineskates,Bequeme Inlineskates für sportliche Aktivitäten.,mhasan5,3
Rollschuhe,Klassische Rollschuhe für Spaß und Bewegung.,nasemota,13
Tretroller,Praktischer Tretroller für Kinder und Erwachsene.,tdemuth,19
Kanu,Stabiles Kanu für Flussfahrten.,sdriouic,10
Kajak,Leichtes Kajak für Sport und Freizeit.,jwendt3,1
Schwimmweste,Sichere Schwimmweste für Wassersport.,kammar,9
Smart Türschloss,"Dieses intelligente Türschloss bietet Ihnen eine sichere und bequeme Möglichkeit, Ihre Tür zu öffnen.",thorocho,10
Elektro-Scooter,Mit diesem Elektro-Scooter kommen Sie schnell und umweltfreundlich an Ihr Ziel.,fmecklen,17
Gaming Stuhl,Der Gaming Stuhl bietet maximalen Komfort für lange Gaming-Sessions.,emuth,20
3D Drucker,"Dieser 3D Drucker ermöglicht Ihnen, komplexe Objekte in hoher Präzision zu drucken.",mbidler,11
Drohne,Diese Drohne mit HD-Kamera ermöglicht beeindruckende Luftaufnahmen und Videos.,ljusseit,15
Action-Kamera,Die Action-Kamera ist ideal für die Aufnahme von Abenteuern und sportlichen Aktivitäten.,jschulza,2
E-Book Reader,Der E-Book Reader bietet eine riesige Bibliothek an Büchern in einem kompakten Gerät.,dsuess1,7
Soundbar,Diese Soundbar verbessert Ihr Heimkino-Erlebnis mit kristallklarem Sound.,nbetker,6
Smart Thermostat,"Das Smart Thermostat hilft Ihnen, Ihre Heizkosten zu senken und die Temperatur zu steuern.",acescott,8
Kabellose Ladestation,Die kabellose Ladestation lädt Ihre Geräte schnell und effizient auf.,jfoerst7,2
VR-Headset,Das VR-Headset bietet Ihnen ein immersives Erlebnis in virtuellen Welten.,nmorczin,15
Elektrische Zahnbürste,Die elektrische Zahnbürste sorgt für eine gründliche Reinigung und ein strahlendes Lächeln.,yhani,16
Luftreiniger,Dieser Luftreiniger verbessert die Luftqualität in Ihrem Zuhause erheblich.,mkaestn1,3
Smart Lichtsystem,"Das Smart Lichtsystem ermöglicht es Ihnen, die Beleuchtung nach Ihren Wünschen anzupassen.",tschulle,8
Induktionskochfeld,Das Induktionskochfeld bietet präzises und schnelles Kochen mit minimalem Energieverbrauch.,svomstei,18
Elektrischer Grill,"Der elektrische Grill ermöglicht es Ihnen, leckere Speisen ohne Rauch und Flammen zu grillen.",ddick2,14
Smarter Rauchmelder,Dieser smarte Rauchmelder erhöht die Sicherheit in Ihrem Zuhause.,fgalgano,4
Roboter-Staubsauger,Der Roboter-Staubsauger reinigt Ihr Zuhause automatisch und spart Ihnen Zeit und Mühe.,fhenkenj,10
Elektrisches Skateboard,Dieses elektrische Skateboard bietet eine aufregende und schnelle Fahrt.,mlauria,3
Smartwatch Ladegerät,Das Smartwatch Ladegerät lädt Ihre Smartwatch schnell und zuverlässig auf.,mgueler2,13
Smart Spiegel,"Dieser Smart Spiegel zeigt Ihnen nicht nur Ihr Spiegelbild, sondern auch Wetter und Nachrichten.",hihor,19
Bluetooth Lautsprecher,Der Bluetooth Lautsprecher bietet hervorragenden Klang und ist perfekt für unterwegs.,akurmemo,7
Elektrischer Roller,Dieser elektrische Roller ist ideal für kurze Strecken in der Stadt.,soezmen1,11
Einkaufsroboter,Der Einkaufsroboter begleitet Sie und trägt Ihre Einkäufe.,ebuzkir,8
Solar Ladegerät,"Das Solar Ladegerät nutzt Sonnenenergie, um Ihre Geräte aufzuladen.",lhesse4,7
Digitale Bilderrahmen,Der digitale Bilderrahmen zeigt Ihre Lieblingsfotos in hoher Auflösung.,anebling,12
Karaoke Maschine,Mit der Karaoke Maschine wird jede Party ein Hit.,breich,8
Intelligente Steckdose,Die intelligente Steckdose lässt sich per App oder Sprachbefehl steuern.,eeisele,7
Elektronisches Türspion,"Das elektronische Türspion zeigt Ihnen, wer vor Ihrer Tür steht.",hkoop,16
Intelligenter Kühlschrank,"Der intelligente Kühlschrank hilft Ihnen, Lebensmittel besser zu organisieren und zu planen.",skuske1,15
Hochleistungsrouter,Der Hochleistungsrouter sorgt für eine stabile und schnelle Internetverbindung.,tmarienh,6
Gesichtssauna,Die Gesichtssauna reinigt Ihre Haut und öffnet die Poren.,jmenn,13
Massagepistole,Die Massagepistole hilft bei der Entspannung und Regeneration der Muskeln.,orichte1,14
Fitness Armband,"Das Fitness Armband trackt Ihre Aktivitäten und hilft Ihnen, fit zu bleiben.",lruedena,13
Smart Wasserkocher,Der Smart Wasserkocher lässt sich per App steuern und vorheizen.,ksebald,11
Smart Wecker,Der Smart Wecker weckt Sie sanft mit Licht und Geräuschen.,yhashemi,18
Smart Türsensor,Der Smart Türsensor benachrichtigt Sie bei unbefugtem Zutritt.,skusdoga,3
Automatische Seifenspender,Der automatische Seifenspender sorgt für eine hygienische Handwäsche.,ssrioui,13
WLAN Glühbirne,Die WLAN Glühbirne lässt sich in Helligkeit und Farbe per App steuern.,vtran2,2
Smarte Bewässerungssystem,Das smarte Bewässerungssystem versorgt Ihre Pflanzen optimal mit Wasser.,dschne13,17
Elektronische Katzenklappe,Die elektronische Katzenklappe öffnet sich nur für Ihre Katze.,fschuh2,1
Smart Hundehalsband,Das Smart Hundehalsband trackt die Aktivitäten Ihres Hundes.,lueberbe,9
Intelligenter Mülleimer,"Der intelligente Mülleimer öffnet sich automatisch, wenn Sie sich nähern.",dzajcev,14
Energieüberwachungssteckdose,"Die Energieüberwachungssteckdose hilft Ihnen, Stromverbrauch zu überwachen und zu reduzieren.",cacar2,8
Smart Türsprechanlage,"Die Smart Türsprechanlage ermöglicht Ihnen, Besucher von überall zu sehen und mit ihnen zu sprechen.",kelali,17
Bewegungsmelder Kamera,Die Bewegungsmelder Kamera überwacht Ihr Zuhause und benachrichtigt Sie bei Bewegung.,mhasan5,7
Intelligenter Rauchmelder,Der intelligente Rauchmelder erhöht die Sicherheit in Ihrem Zuhause.,nasemota,10
Bluetooth Tracker,"Der Bluetooth Tracker hilft Ihnen, verlorene Gegenstände schnell wiederzufinden.",tdemuth,17
WiFi Extender,Der WiFi Extender erweitert die Reichweite Ihres WLANs.,sdriouic,13
Elektrische Fußbodenheizung,Die elektrische Fußbodenheizung sorgt für warme Füße in kalten Monaten.,jwendt3,8
Luftbefeuchter,Der Luftbefeuchter verbessert die Luftqualität in Ihrem Zuhause.,kammar,5
Intelligenter Thermostatventil,"Das intelligente Thermostatventil hilft Ihnen, Heizkosten zu sparen.",thorocho,8
Smart Futterautomat,"Der Smart Futterautomat füttert Ihr Haustier auch, wenn Sie nicht zu Hause sind.",fmecklen,5
Smarte Klimaanlage,Die smarte Klimaanlage passt die Temperatur automatisch an Ihre Bedürfnisse an.,emuth,8
Intelligente Fenster,Die intelligenten Fenster bieten optimale Wärmedämmung und Sonnenschutz.,mbidler,13
Smart Garagentoröffner,Der Smart Garagentoröffner lässt sich per App steuern.,ljusseit,5
Solarbetriebene Überwachungskamera,Die solarbetriebene Überwachungskamera arbeitet umweltfreundlich und zuverlässig.,jschulza,2
Intelligenter Türknauf,Der intelligente Türknauf bietet zusätzliche Sicherheit und Komfort.,dsuess1,3
Elektrischer Vorhangöffner,Der elektrische Vorhangöffner lässt sich per Fernbedienung oder App steuern.,nbetker,15
Bluetooth Kopfhörer,Die Bluetooth Kopfhörer bieten hervorragenden Klang und kabellose Freiheit.,acescott,1
Inception DVD,Ein geistreiches Thriller von Christopher Nolan.,jfoerst7,8
The Matrix DVD,Ein Sci-Fi-Klassiker mit Keanu Reeves.,nmorczin,17
Interstellar DVD,Ein visuell beeindruckendes Weltraum-Epos von Christopher Nolan.,yhani,15
The Dark Knight DVD,Ein packender Superheldenfilm von Christopher Nolan.,mkaestn1,11
Pulp Fiction DVD,Ein Kult-Krimi von Quentin Tarantino.,tschulle,7
The Lord of the Rings: The Fellowship of the Ring DVD,Der erste Teil der epischen Fantasy-Trilogie.,svomstei,7
Fight Club DVD,Ein psychologisches Drama mit Brad Pitt und Edward Norton.,ddick2,11
Forrest Gump DVD,Die herzerwärmende Geschichte eines außergewöhnlichen Lebens.,fgalgano,14
The Shawshank Redemption DVD,Eine bewegende Geschichte von Hoffnung und Freundschaft im Gefängnis.,fhenkenj,11
Gladiator DVD,Ein episches Historien-Drama mit Russell Crowe.,mlauria,4
Thriller CD,Das meistverkaufte Album aller Zeiten von Michael Jackson.,mgueler2,13
Back in Black CD,Ein Klassiker des Hard Rock von AC/DC.,hihor,17
The Dark Side of the Moon CD,Ein zeitloses Progressive-Rock-Meisterwerk von Pink Floyd.,akurmemo,8
The Wall CD,Ein ikonisches Album von Pink Floyd.,soezmen1,10
Abbey Road CD,Das legendäre Album der Beatles.,ebuzkir,6
Rumours CD,Ein großartiges Rock-Album von Fleetwood Mac.,lhesse4,17
Hotel California CD,Ein ikonisches Rock-Album von den Eagles.,anebling,14
Led Zeppelin IV CD,Das vierte Album der legendären Band Led Zeppelin.,breich,7
Born to Run CD,Ein episches Rock-Album von Bruce Springsteen.,eeisele,12
The Joshua Tree CD,Ein prägendes Album der Rockgeschichte von U2.,hkoop,1
Buch: To Kill a Mockingbird,Ein Roman über Rassismus und Gerechtigkeit im amerikanischen Süden.,skuske1,13
Buch: 1984,Eine düstere Zukunftsvision über totale Überwachung und staatliche Kontrolle.,tmarienh,20
Buch: The Great Gatsby,Ein Porträt der amerikanischen Gesellschaft in den Roaring Twenties.,jmenn,16
Buch: One Hundred Years of Solitude,"Eine magische Familiensaga, die die Geschichte Lateinamerikas widerspiegelt.",orichte1,19
Buch: Moby Dick,Die epische Jagd nach einem riesigen weißen Wal.,lruedena,3
Buch: Pride and Prejudice,Eine kluge und witzige Analyse der Gesellschaft und der Ehe im England des 19. Jahrhunderts.,ksebald,12
Buch: The Catcher in the Rye,Ein junger Mann kämpft mit dem Erwachsenwerden und der Heuchelei der Gesellschaft.,yhashemi,16
Buch: The Lord of the Rings,Ein episches Fantasy-Abenteuer über den Kampf zwischen Gut und Böse.,skusdoga,4
Buch: The Hobbit,"Ein spannendes Abenteuer in einer fantastischen Welt, die von Drachen und anderen Kreaturen bevölkert wird.",ssrioui,10
Buch: Harry Potter and the Philosopher's Stone,"Der Beginn einer magischen Reise eines Jungen, der entdeckt, dass er ein Zauberer ist.",vtran2,16
Vintage Schallplattenspieler,Ein Schallplattenspieler im Vintage-Design für nostalgische Musikliebhaber.,dschne13,19
Faltbares Elektrofahrrad,"Ein leichtes, faltbares Elektrofahrrad ideal für Pendler und Stadtnutzer.",fschuh2,4
Elektronisches Schlagzeug,Ein kompaktes elektronisches Schlagzeug mit mehreren Drum-Pads und Sounds.,lueberbe,20
Holzkohle Pizzaofen,Holzkohle Pizzaofen für perfekte Pizzen im Garten oder auf dem Balkon.,dzajcev,14
Smart Fensterreiniger,"Ein intelligenter Fensterreiniger-Roboter, der automatisch Fenster putzt.",cacar2,9
Intelligente Gießkanne,"Gießkanne mit smarten Sensoren, die Pflanzenbedürfnisse erkennt und warnt.",kelali,11
Solarbetriebener Rucksack,Ein Rucksack mit integrierten Solarpanelen zum Aufladen von Geräten unterwegs.,mhasan5,4
Elektrischer Weinkühler,Elektrischer Weinkühler für präzise Temperaturkontrolle und perfekte Weine.,nasemota,2
Akustik Schaumstoffplatten,Akustik Schaumstoffplatten zur Verbesserung der Raumakustik in Studios oder Büros.,tdemuth,6
Mini Beamer,Ein tragbarer Mini-Beamer für Filme und Präsentationen auf großer Leinwand.,sdriouic,16
Smart Hula-Hoop-Reifen,Smart Hula-Hoop-Reifen mit Fitness-Tracking und Kalorienmessung.,jwendt3,3
Elektronische Yogamatte,Eine elektronische Yogamatte mit integrierten Sensoren zur Haltungskorrektur.,kammar,11
Kabellose Haarschneidemaschine,Kabellose Haarschneidemaschine für präzise Haarschnitte und einfache Anwendung.,thorocho,14
Tragbarer UV-Sterilisator,Tragbarer UV-Sterilisator zum Desinfizieren von Gegenständen unterwegs.,fmecklen,10
Laufband mit Steigung,Ein Laufband mit einstellbarer Steigung für intensives Training zu Hause.,emuth,11
Intelligentes Schlafkissen,"Ein intelligentes Schlafkissen, das Schlafmuster überwacht und verbessert.",mbidler,12
Retro Popcornmaschine,Eine Retro Popcornmaschine für frisches Kino-Popcorn zu Hause.,ljusseit,7
Wiederverwendbare Silikon-Lebensmittelbeutel,Wiederverwendbare Silikon-Lebensmittelbeutel zum nachhaltigen Aufbewahren von Lebensmitteln.,jschulza,4
Tragbarer Gasherd,Tragbarer Gasherd für Camping oder Outdoor-Kochen mit einfachem Transport.,dsuess1,7
Elektronischer Cocktailmixer,"Elektronischer Cocktailmixer, der perfekte Cocktails auf Knopfdruck zubereitet.",nbetker,17
CD-Player,Hochwertiger CD-Player mit exzellentem Klang.,acescott,10
Computer,Leistungsstarker Computer für alle Ihre Bedürfnisse.,jfoerst7,19
Tasse,Keramiktasse mit schönem Design.,nmorczin,13
Monitor,"24-Zoll-Full-HD-Monitor, ideal für Arbeit und Gaming.",yhani,1
Smartphone,Modernes Smartphone mit großem Display und langer Akkulaufzeit.,mkaestn1,14
Tablet,Tablet mit hoher Auflösung und schnellem Prozessor.,tschulle,5
Drucker,Multifunktionsdrucker für Zuhause oder Büro.,svomstei,12
Kopfhörer,Geräuschunterdrückende Kopfhörer für ein intensives Musikerlebnis.,ddick2,6
Mikrowelle,Kompakte Mikrowelle mit verschiedenen Leistungsstufen.,fgalgano,3
Kühlschrank,Geräumiger Kühlschrank mit Gefrierfach.,fhenkenj,6
Toaster,Toaster mit einstellbarem Bräunungsgrad.,mlauria,5
Waschmaschine,Effiziente Waschmaschine mit verschiedenen Programmen.,mgueler2,2
Laptop,Leichtes und leistungsstarkes Laptop.,hihor,19
Staubsauger,Leistungsstarker Staubsauger mit HEPA-Filter.,akurmemo,6
Fernseher,4K-Fernseher mit brillanter Bildqualität.,soezmen1,18
Blender,Starker Mixer für Smoothies und mehr.,ebuzkir,16
Lichtschalter,Energiesparender Lichtschalter für Ihr Zuhause.,lhesse4,1
Heizlüfter,Heizlüfter für schnelle Wärme an kalten Tagen.,anebling,18
Kaffeemaschine,Kaffeemaschine für aromatischen Kaffeegenuss.,breich,3
Bügeleisen,Dampfbügeleisen für faltenfreie Kleidung.,eeisele,5
Ventilator,Leiser Ventilator für heiße Sommertage.,hkoop,18
Tastatur,Mechanische Tastatur mit RGB-Beleuchtung.,skuske1,16
Maus,Ergonomische Maus für präzises Arbeiten.,tmarienh,1
Router,Schneller Router für stabile Internetverbindungen.,jmenn,20
Modem,Kompaktes Modem für DSL- und Kabelverbindungen.,orichte1,6
Schreibtischlampe,Stylische Schreibtischlampe mit LED-Licht.,lruedena,5
Sessel,Komfortabler Sessel für entspannte Abende.,ksebald,18
Sofa,Großes Sofa mit viel Platz zum Entspannen.,yhashemi,2
Bett,Bequemes Bett mit hochwertiger Matratze.,skusdoga,9
Schrank,Geräumiger Schrank für Ihre Kleidung.,ssrioui,1
Regal,Robustes Regal für Bücher und mehr.,vtran2,19
Bücher,Interessante Bücher aus verschiedenen Genres.,dschne13,3
DVD,Spannende DVD-Filme für gemütliche Abende.,fschuh2,13
Blu-Ray Player,Hochwertiger Blu-Ray Player mit 4K-Unterstützung.,lueberbe,2
Spielkonsole,Spielkonsole für Gaming-Enthusiasten.,dzajcev,9
Smartwatch,Moderne Smartwatch mit vielen Funktionen.,cacar2,2
Fitness Tracker,Fitness Tracker zur Überwachung Ihrer Aktivitäten.,kelali,11
Kamera,Professionelle Kamera für tolle Fotos.,mhasan5,14
Stativ,Stabiles Stativ für verwacklungsfreie Aufnahmen.,nasemota,18
Objektiv,Hochwertiges Objektiv für verschiedene Fotografie-Bereiche.,tdemuth,1
Rucksack,Praktischer Rucksack für Alltag und Reisen.,sdriouic,7
Handtasche,Elegante Handtasche aus echtem Leder.,jwendt3,18
Portemonnaie,Stilvolles Portemonnaie mit vielen Fächern.,kammar,2
Sonnenbrille,Modische Sonnenbrille mit UV-Schutz.,thorocho,4
Armbanduhr,Edle Armbanduhr für jeden Anlass.,fmecklen,14
Gitarre,Akustische Gitarre für Anfänger und Profis.,emuth,17
Klavier,Elektronisches Klavier mit realistischen Klängen.,mbidler,14
Schlagzeug,Schlagzeug für rockige Musik.,ljusseit,19
Mikrofon,Kondensatormikrofon für klare Aufnahmen.,jschulza,6
Lautsprecher,Kraftvolle Lautsprecher für Heim und Party.,dsuess1,5
Verstärker,Verstärker für Musiker und Musikliebhaber.,nbetker,16
Kabel,Verschiedene Kabel für Audio- und Videoverbindungen.,acescott,3
Ladegerät,Schnelles Ladegerät für Smartphones und Tablets.,jfoerst7,5
USB-Stick,Großer USB-Stick für Ihre Daten.,nmorczin,19
Festplatte,Externe Festplatte mit viel Speicherplatz.,yhani,5
SSD,Schnelle SSD für Ihren Computer.,mkaestn1,15
Speicherkarte,Hochleistungs-Speicherkarte für Kamera und Handy.,tschulle,7
RAM,Zuverlässiger Arbeitsspeicher für Ihren PC.,svomstei,17
Mainboard,Modernes Mainboard für aktuelle Prozessoren.,ddick2,16
Prozessor,Schneller Prozessor für Gaming und Arbeit.,fgalgano,3
Grafikkarte,Leistungsstarke Grafikkarte für beste Spieleleistung.,fhenkenj,5
Netzteil,Robustes Netzteil für Ihren Computer.,mlauria,11
PC-Gehäuse,Stilvolles PC-Gehäuse mit guter Belüftung.,mgueler2,2
Laptop-Tasche,Praktische Laptop-Tasche mit viel Platz.,hihor,1
Schneeschaufel,Robuste Schneeschaufel für den Winter.,akurmemo,14
Rasenmäher,Effizienter Rasenmäher für Ihren Garten.,soezmen1,1
Gartenschlauch,Langer Gartenschlauch mit guter Reichweite.,ebuzkir,10
Grill,Stabiler Grill für die Grillsaison.,lhesse4,9
Kohlegrill,Klassischer Kohlegrill für authentischen Geschmack.,anebling,2
Gasgrill,Bequemer Gasgrill für schnelles Grillen.,breich,14
Feuerschale,Dekorative Feuerschale für den Garten.,eeisele,14
Gartenstuhl,Komfortabler Gartenstuhl für draußen.,hkoop,12
Gartentisch,Großer Gartentisch für Familienfeiern.,skuske1,18
Sonnenschirm,Sonnenschirm für Schatten im Sommer.,tmarienh,11
Liegestuhl,Bequemer Liegestuhl zum Entspannen.,jmenn,4
Hängematte,Robuste Hängematte für den Garten.,orichte1,4
Gartenwerkzeug,Praktisches Gartenwerkzeug-Set.,lruedena,18
Schraubendreher,Verschiedene Schraubendreher für alle Zwecke.,ksebald,13
Bohrmaschine,Leistungsstarke Bohrmaschine für Heimwerker.,yhashemi,14
Akkuschrauber,Kompakter Akkuschrauber für schnelle Arbeiten.,skusdoga,17
Hobelmaschine,Effiziente Hobelmaschine für präzise Arbeiten.,ssrioui,16
Schleifmaschine,Leistungsstarke Schleifmaschine.,vtran2,4
Kettensäge,Kraftvolle Kettensäge für die Holzarbeit.,dschne13,7
Laubsauger,Effizienter Laubsauger für den Herbst.,fschuh2,4
Laubbläser,Kraftvoller Laubbläser für Ihren Garten.,lueberbe,6
Heckenschere,Elektrische Heckenschere für saubere Schnitte.,dzajcev,12
Rasentrimmer,Praktischer Rasentrimmer für saubere Kanten.,cacar2,10
Hochdruckreiniger,Hochdruckreiniger für verschiedenste Reinigungsarbeiten.,kelali,2
Fahrrad,Robustes Fahrrad für Alltag und Freizeit.,mhasan5,9
Fahrradhelm,Sicherer Fahrradhelm für Ihre Sicherheit.,nasemota,13
Fahrradschloss,Starkes Fahrradschloss zum Schutz Ihres Rads.,tdemuth,9
Fahrradpumpe,Effiziente Fahrradpumpe für unterwegs.,sdriouic,11
Skateboard,Cooles Skateboard für Tricks und Fahrten.,jwendt3,9
Inlineskates,Bequeme Inlineskates für sportliche Aktivitäten.,kammar,5
Rollschuhe,Klassische Rollschuhe für Spaß und Bewegung.,thorocho,14
Tretroller,Praktischer Tretroller für Kinder und Erwachsene.,fmecklen,3
Kanu,Stabiles Kanu für Flussfahrten.,emuth,9
Kajak,Leichtes Kajak für Sport und Freizeit.,mbidler,9
Schwimmweste,Sichere Schwimmweste für Wassersport.,ljusseit,16
Smart Türschloss,"Dieses intelligente Türschloss bietet Ihnen eine sichere und bequeme Möglichkeit, Ihre Tür zu öffnen.",jschulza,8
Elektro-Scooter,Mit diesem Elektro-Scooter kommen Sie schnell und umweltfreundlich an Ihr Ziel.,dsuess1,8
Gaming Stuhl,Der Gaming Stuhl bietet maximalen Komfort für lange Gaming-Sessions.,nbetker,19
3D Drucker,"Dieser 3D Drucker ermöglicht Ihnen, komplexe Objekte in hoher Präzision zu drucken.",acescott,17
Drohne,Diese Drohne mit HD-Kamera ermöglicht beeindruckende Luftaufnahmen und Videos.,jfoerst7,17
Action-Kamera,Die Action-Kamera ist ideal für die Aufnahme von Abenteuern und sportlichen Aktivitäten.,nmorczin,19
E-Book Reader,Der E-Book Reader bietet eine riesige Bibliothek an Büchern in einem kompakten Gerät.,yhani,17
Soundbar,Diese Soundbar verbessert Ihr Heimkino-Erlebnis mit kristallklarem Sound.,mkaestn1,11
Smart Thermostat,"Das Smart Thermostat hilft Ihnen, Ihre Heizkosten zu senken und die Temperatur zu steuern.",tschulle,9
Kabellose Ladestation,Die kabellose Ladestation lädt Ihre Geräte schnell und effizient auf.,svomstei,20
VR-Headset,Das VR-Headset bietet Ihnen ein immersives Erlebnis in virtuellen Welten.,ddick2,5
Elektrische Zahnbürste,Die elektrische Zahnbürste sorgt für eine gründliche Reinigung und ein strahlendes Lächeln.,fgalgano,10
Luftreiniger,Dieser Luftreiniger verbessert die Luftqualität in Ihrem Zuhause erheblich.,fhenkenj,6
Smart Lichtsystem,"Das Smart Lichtsystem ermöglicht es Ihnen, die Beleuchtung nach Ihren Wünschen anzupassen.",mlauria,19
Induktionskochfeld,Das Induktionskochfeld bietet präzises und schnelles Kochen mit minimalem Energieverbrauch.,mgueler2,13
Elektrischer Grill,"Der elektrische Grill ermöglicht es Ihnen, leckere Speisen ohne Rauch und Flammen zu grillen.",hihor,16
Smarter Rauchmelder,Dieser smarte Rauchmelder erhöht die Sicherheit in Ihrem Zuhause.,akurmemo,8
Roboter-Staubsauger,Der Roboter-Staubsauger reinigt Ihr Zuhause automatisch und spart Ihnen Zeit und Mühe.,soezmen1,13
Elektrisches Skateboard,Dieses elektrische Skateboard bietet eine aufregende und schnelle Fahrt.,ebuzkir,17
Smartwatch Ladegerät,Das Smartwatch Ladegerät lädt Ihre Smartwatch schnell und zuverlässig auf.,lhesse4,12
Smart Spiegel,"Dieser Smart Spiegel zeigt Ihnen nicht nur Ihr Spiegelbild, sondern auch Wetter und Nachrichten.",anebling,5
Bluetooth Lautsprecher,Der Bluetooth Lautsprecher bietet hervorragenden Klang und ist perfekt für unterwegs.,breich,18
Elektrischer Roller,Dieser elektrische Roller ist ideal für kurze Strecken in der Stadt.,eeisele,9
Einkaufsroboter,Der Einkaufsroboter begleitet Sie und trägt Ihre Einkäufe.,hkoop,19
Solar Ladegerät,"Das Solar Ladegerät nutzt Sonnenenergie, um Ihre Geräte aufzuladen.",skuske1,6
Digitale Bilderrahmen,Der digitale Bilderrahmen zeigt Ihre Lieblingsfotos in hoher Auflösung.,tmarienh,11
Karaoke Maschine,Mit der Karaoke Maschine wird jede Party ein Hit.,jmenn,1
Intelligente Steckdose,Die intelligente Steckdose lässt sich per App oder Sprachbefehl steuern.,orichte1,20
Elektronisches Türspion,"Das elektronische Türspion zeigt Ihnen, wer vor Ihrer Tür steht.",lruedena,4
Intelligenter Kühlschrank,"Der intelligente Kühlschrank hilft Ihnen, Lebensmittel besser zu organisieren und zu planen.",ksebald,16
Hochleistungsrouter,Der Hochleistungsrouter sorgt für eine stabile und schnelle Internetverbindung.,yhashemi,17
Gesichtssauna,Die Gesichtssauna reinigt Ihre Haut und öffnet die Poren.,skusdoga,15
Massagepistole,Die Massagepistole hilft bei der Entspannung und Regeneration der Muskeln.,ssrioui,17
Fitness Armband,"Das Fitness Armband trackt Ihre Aktivitäten und hilft Ihnen, fit zu bleiben.",vtran2,10
Smart Wasserkocher,Der Smart Wasserkocher lässt sich per App steuern und vorheizen.,dschne13,3
Smart Wecker,Der Smart Wecker weckt Sie sanft mit Licht und Geräuschen.,fschuh2,18
Smart Türsensor,Der Smart Türsensor benachrichtigt Sie bei unbefugtem Zutritt.,lueberbe,1
Automatische Seifenspender,Der automatische Seifenspender sorgt für eine hygienische Handwäsche.,dzajcev,13
WLAN Glühbirne,Die WLAN Glühbirne lässt sich in Helligkeit und Farbe per App steuern.,cacar2,19
Smarte Bewässerungssystem,Das smarte Bewässerungssystem versorgt Ihre Pflanzen optimal mit Wasser.,kelali,17
Elektronische Katzenklappe,Die elektronische Katzenklappe öffnet sich nur für Ihre Katze.,mhasan5,1
Smart Hundehalsband,Das Smart Hundehalsband trackt die Aktivitäten Ihres Hundes.,nasemota,15
Intelligenter Mülleimer,"Der intelligente Mülleimer öffnet sich automatisch, wenn Sie sich nähern.",tdemuth,5
Energieüberwachungssteckdose,"Die Energieüberwachungssteckdose hilft Ihnen, Stromverbrauch zu überwachen und zu reduzieren.",sdriouic,11
Smart Türsprechanlage,"Die Smart Türsprechanlage ermöglicht Ihnen, Besucher von überall zu sehen und mit ihnen zu sprechen.",jwendt3,16
Bewegungsmelder Kamera,Die Bewegungsmelder Kamera überwacht Ihr Zuhause und benachrichtigt Sie bei Bewegung.,kammar,11
Intelligenter Rauchmelder,Der intelligente Rauchmelder erhöht die Sicherheit in Ihrem Zuhause.,thorocho,5
Bluetooth Tracker,"Der Bluetooth Tracker hilft Ihnen, verlorene Gegenstände schnell wiederzufinden.",fmecklen,15
WiFi Extender,Der WiFi Extender erweitert die Reichweite Ihres WLANs.,emuth,4
Elektrische Fußbodenheizung,Die elektrische Fußbodenheizung sorgt für warme Füße in kalten Monaten.,mbidler,18
Luftbefeuchter,Der Luftbefeuchter verbessert die Luftqualität in Ihrem Zuhause.,ljusseit,3
Intelligenter Thermostatventil,"Das intelligente Thermostatventil hilft Ihnen, Heizkosten zu sparen.",jschulza,3
Smart Futterautomat,"Der Smart Futterautomat füttert Ihr Haustier auch, wenn Sie nicht zu Hause sind.",dsuess1,13
Smarte Klimaanlage,Die smarte Klimaanlage passt die Temperatur automatisch an Ihre Bedürfnisse an.,nbetker,18
Intelligente Fenster,Die intelligenten Fenster bieten optimale Wärmedämmung und Sonnenschutz.,acescott,12
Smart Garagentoröffner,Der Smart Garagentoröffner lässt sich per App steuern.,jfoerst7,5
Solarbetriebene Überwachungskamera,Die solarbetriebene Überwachungskamera arbeitet umweltfreundlich und zuverlässig.,nmorczin,4
Intelligenter Türknauf,Der intelligente Türknauf bietet zusätzliche Sicherheit und Komfort.,yhani,1
Elektrischer Vorhangöffner,Der elektrische Vorhangöffner lässt sich per Fernbedienung oder App steuern.,mkaestn1,12
Bluetooth Kopfhörer,Die Bluetooth Kopfhörer bieten hervorragenden Klang und kabellose Freiheit.,tschulle,17
Inception DVD,Ein geistreiches Thriller von Christopher Nolan.,svomstei,6
The Matrix DVD,Ein Sci-Fi-Klassiker mit Keanu Reeves.,ddick2,3
Interstellar DVD,Ein visuell beeindruckendes Weltraum-Epos von Christopher Nolan.,fgalgano,6
The Dark Knight DVD,Ein packender Superheldenfilm von Christopher Nolan.,fhenkenj,5
Pulp Fiction DVD,Ein Kult-Krimi von Quentin Tarantino.,mlauria,6
The Lord of the Rings: The Fellowship of the Ring DVD,Der erste Teil der epischen Fantasy-Trilogie.,mgueler2,16
Fight Club DVD,Ein psychologisches Drama mit Brad Pitt und Edward Norton.,hihor,1
Forrest Gump DVD,Die herzerwärmende Geschichte eines außergewöhnlichen Lebens.,akurmemo,14
The Shawshank Redemption DVD,Eine bewegende Geschichte von Hoffnung und Freundschaft im Gefängnis.,soezmen1,4
Gladiator DVD,Ein episches Historien-Drama mit Russell Crowe.,ebuzkir,20
Thriller CD,Das meistverkaufte Album aller Zeiten von Michael Jackson.,lhesse4,13
Back in Black CD,Ein Klassiker des Hard Rock von AC/DC.,anebling,17
The Dark Side of the Moon CD,Ein zeitloses Progressive-Rock-Meisterwerk von Pink Floyd.,breich,7
The Wall CD,Ein ikonisches Album von Pink Floyd.,eeisele,4
Abbey Road CD,Das legendäre Album der Beatles.,hkoop,1
Rumours CD,Ein großartiges Rock-Album von Fleetwood Mac.,skuske1,10
Hotel California CD,Ein ikonisches Rock-Album von den Eagles.,tmarienh,4
Led Zeppelin IV CD,Das vierte Album der legendären Band Led Zeppelin.,jmenn,13
Born to Run CD,Ein episches Rock-Album von Bruce Springsteen.,orichte1,9
The Joshua Tree CD,Ein prägendes Album der Rockgeschichte von U2.,lruedena,6
Buch: To Kill a Mockingbird,Ein Roman über Rassismus und Gerechtigkeit im amerikanischen Süden.,ksebald,17
Buch: 1984,Eine düstere Zukunftsvision über totale Überwachung und staatliche Kontrolle.,yhashemi,17
Buch: The Great Gatsby,Ein Porträt der amerikanischen Gesellschaft in den Roaring Twenties.,skusdoga,10
Buch: One Hundred Years of Solitude,"Eine magische Familiensaga, die die Geschichte Lateinamerikas widerspiegelt.",ssrioui,3
Buch: Moby Dick,Die epische Jagd nach einem riesigen weißen Wal.,vtran2,13
Buch: Pride and Prejudice,Eine kluge und witzige Analyse der Gesellschaft und der Ehe im England des 19. Jahrhunderts.,dschne13,20
Buch: The Catcher in the Rye,Ein junger Mann kämpft mit dem Erwachsenwerden und der Heuchelei der Gesellschaft.,fschuh2,18
Buch: The Lord of the Rings,Ein episches Fantasy-Abenteuer über den Kampf zwischen Gut und Böse.,lueberbe,12
Buch: The Hobbit,"Ein spannendes Abenteuer in einer fantastischen Welt, die von Drachen und anderen Kreaturen bevölkert wird.",dzajcev,5
Buch: Harry Potter and the Philosopher's Stone,"Der Beginn einer magischen Reise eines Jungen, der entdeckt, dass er ein Zauberer ist.",cacar2,4
Vintage Schallplattenspieler,Ein Schallplattenspieler im Vintage-Design für nostalgische Musikliebhaber.,kelali,1
Faltbares Elektrofahrrad,"Ein leichtes, faltbares Elektrofahrrad ideal für Pendler und Stadtnutzer.",mhasan5,5
Elektronisches Schlagzeug,Ein kompaktes elektronisches Schlagzeug mit mehreren Drum-Pads und Sounds.,nasemota,17
Holzkohle Pizzaofen,Holzkohle Pizzaofen für perfekte Pizzen im Garten oder auf dem Balkon.,tdemuth,12
Smart Fensterreiniger,"Ein intelligenter Fensterreiniger-Roboter, der automatisch Fenster putzt.",sdriouic,19
Intelligente Gießkanne,"Gießkanne mit smarten Sensoren, die Pflanzenbedürfnisse erkennt und warnt.",jwendt3,20
Solarbetriebener Rucksack,Ein Rucksack mit integrierten Solarpanelen zum Aufladen von Geräten unterwegs.,kammar,8
Elektrischer Weinkühler,Elektrischer Weinkühler für präzise Temperaturkontrolle und perfekte Weine.,thorocho,20
Akustik Schaumstoffplatten,Akustik Schaumstoffplatten zur Verbesserung der Raumakustik in Studios oder Büros.,fmecklen,17
Mini Beamer,Ein tragbarer Mini-Beamer für Filme und Präsentationen auf großer Leinwand.,emuth,19
Smart Hula-Hoop-Reifen,Smart Hula-Hoop-Reifen mit Fitness-Tracking und Kalorienmessung.,mbidler,14
Elektronische Yogamatte,Eine elektronische Yogamatte mit integrierten Sensoren zur Haltungskorrektur.,ljusseit,4
Kabellose Haarschneidemaschine,Kabellose Haarschneidemaschine für präzise Haarschnitte und einfache Anwendung.,jschulza,17
Tragbarer UV-Sterilisator,Tragbarer UV-Sterilisator zum Desinfizieren von Gegenständen unterwegs.,dsuess1,4
Laufband mit Steigung,Ein Laufband mit einstellbarer Steigung für intensives Training zu Hause.,nbetker,7
Intelligentes Schlafkissen,"Ein intelligentes Schlafkissen, das Schlafmuster überwacht und verbessert.",acescott,8
Retro Popcornmaschine,Eine Retro Popcornmaschine für frisches Kino-Popcorn zu Hause.,jfoerst7,3
Wiederverwendbare Silikon-Lebensmittelbeutel,Wiederverwendbare Silikon-Lebensmittelbeutel zum nachhaltigen Aufbewahren von Lebensmitteln.,nmorczin,3
Tragbarer Gasherd,Tragbarer Gasherd für Camping oder Outdoor-Kochen mit einfachem Transport.,yhani,17
Elektronischer Cocktailmixer,"Elektronischer Cocktailmixer, der perfekte Cocktails auf Knopfdruck zubereitet.",mkaestn1,16
CD-Player,Hochwertiger CD-Player mit exzellentem Klang.,tschulle,14
Computer,Leistungsstarker Computer für alle Ihre Bedürfnisse.,svomstei,16
Tasse,Keramiktasse mit schönem Design.,ddick2,3
Monitor,"24-Zoll-Full-HD-Monitor, ideal für Arbeit und Gaming.",fgalgano,7
Smartphone,Modernes Smartphone mit großem Display und langer Akkulaufzeit.,fhenkenj,5
Tablet,Tablet mit hoher Auflösung und schnellem Prozessor.,mlauria,17
Drucker,Multifunktionsdrucker für Zuhause oder Büro.,mgueler2,14
Kopfhörer,Geräuschunterdrückende Kopfhörer für ein intensives Musikerlebnis.,hihor,8
Mikrowelle,Kompakte Mikrowelle mit verschiedenen Leistungsstufen.,akurmemo,1
Kühlschrank,Geräumiger Kühlschrank mit Gefrierfach.,soezmen1,11
Toaster,Toaster mit einstellbarem Bräunungsgrad.,ebuzkir,6
Waschmaschine,Effiziente Waschmaschine mit verschiedenen Programmen.,lhesse4,17
Laptop,Leichtes und leistungsstarkes Laptop.,anebling,17
Staubsauger,Leistungsstarker Staubsauger mit HEPA-Filter.,breich,3
Fernseher,4K-Fernseher mit brillanter Bildqualität.,eeisele,2
Blender,Starker Mixer für Smoothies und mehr.,hkoop,16
Lichtschalter,Energiesparender Lichtschalter für Ihr Zuhause.,skuske1,10
Heizlüfter,Heizlüfter für schnelle Wärme an kalten Tagen.,tmarienh,7
Kaffeemaschine,Kaffeemaschine für aromatischen Kaffeegenuss.,jmenn,11
Bügeleisen,Dampfbügeleisen für faltenfreie Kleidung.,orichte1,4
Ventilator,Leiser Ventilator für heiße Sommertage.,lruedena,9
Tastatur,Mechanische Tastatur mit RGB-Beleuchtung.,ksebald,15
Maus,Ergonomische Maus für präzises Arbeiten.,yhashemi,11
Router,Schneller Router für stabile Internetverbindungen.,skusdoga,18
Modem,Kompaktes Modem für DSL- und Kabelverbindungen.,ssrioui,12
Schreibtischlampe,Stylische Schreibtischlampe mit LED-Licht.,vtran2,13
Sessel,Komfortabler Sessel für entspannte Abende.,dschne13,3
Sofa,Großes Sofa mit viel Platz zum Entspannen.,fschuh2,7
Bett,Bequemes Bett mit hochwertiger Matratze.,lueberbe,15
Schrank,Geräumiger Schrank für Ihre Kleidung.,dzajcev,14
Regal,Robustes Regal für Bücher und mehr.,cacar2,19
Bücher,Interessante Bücher aus verschiedenen Genres.,kelali,4
DVD,Spannende DVD-Filme für gemütliche Abende.,mhasan5,14
Blu-Ray Player,Hochwertiger Blu-Ray Player mit 4K-Unterstützung.,nasemota,10
Spielkonsole,Spielkonsole für Gaming-Enthusiasten.,tdemuth,4
Smartwatch,Moderne Smartwatch mit vielen Funktionen.,sdriouic,17
Fitness Tracker,Fitness Tracker zur Überwachung Ihrer Aktivitäten.,jwendt3,8
Kamera,Professionelle Kamera für tolle Fotos.,kammar,7
Stativ,Stabiles Stativ für verwacklungsfreie Aufnahmen.,thorocho,5
Objektiv,Hochwertiges Objektiv für verschiedene Fotografie-Bereiche.,fmecklen,6
Rucksack,Praktischer Rucksack für Alltag und Reisen.,emuth,13
Handtasche,Elegante Handtasche aus echtem Leder.,mbidler,16
Portemonnaie,Stilvolles Portemonnaie mit vielen Fächern.,ljusseit,17
Sonnenbrille,Modische Sonnenbrille mit UV-Schutz.,jschulza,2
Armbanduhr,Edle Armbanduhr für jeden Anlass.,dsuess1,15
Gitarre,Akustische Gitarre für Anfänger und Profis.,nbetker,8
Klavier,Elektronisches Klavier mit realistischen Klängen.,acescott,1
Schlagzeug,Schlagzeug für rockige Musik.,jfoerst7,18
Mikrofon,Kondensatormikrofon für klare Aufnahmen.,nmorczin,9
Lautsprecher,Kraftvolle Lautsprecher für Heim und Party.,yhani,2
Verstärker,Verstärker für Musiker und Musikliebhaber.,mkaestn1,4
Kabel,Verschiedene Kabel für Audio- und Videoverbindungen.,tschulle,11
Ladegerät,Schnelles Ladegerät für Smartphones und Tablets.,svomstei,15
USB-Stick,Großer USB-Stick für Ihre Daten.,ddick2,1
Festplatte,Externe Festplatte mit viel Speicherplatz.,fgalgano,12
SSD,Schnelle SSD für Ihren Computer.,fhenkenj,12
Speicherkarte,Hochleistungs-Speicherkarte für Kamera und Handy.,mlauria,13
RAM,Zuverlässiger Arbeitsspeicher für Ihren PC.,mgueler2,8
Mainboard,Modernes Mainboard für aktuelle Prozessoren.,hihor,5
Prozessor,Schneller Prozessor für Gaming und Arbeit.,akurmemo,13
Grafikkarte,Leistungsstarke Grafikkarte für beste Spieleleistung.,soezmen1,9
Netzteil,Robustes Netzteil für Ihren Computer.,ebuzkir,8
PC-Gehäuse,Stilvolles PC-Gehäuse mit guter Belüftung.,lhesse4,7
Laptop-Tasche,Praktische Laptop-Tasche mit viel Platz.,anebling,3
Schneeschaufel,Robuste Schneeschaufel für den Winter.,breich,17
Rasenmäher,Effizienter Rasenmäher für Ihren Garten.,eeisele,16
Gartenschlauch,Langer Gartenschlauch mit guter Reichweite.,hkoop,20
Grill,Stabiler Grill für die Grillsaison.,skuske1,5
Kohlegrill,Klassischer Kohlegrill für authentischen Geschmack.,tmarienh,6
Gasgrill,Bequemer Gasgrill für schnelles Grillen.,jmenn,12
Feuerschale,Dekorative Feuerschale für den Garten.,orichte1,17
Gartenstuhl,Komfortabler Gartenstuhl für draußen.,lruedena,8
Gartentisch,Großer Gartentisch für Familienfeiern.,ksebald,12
Sonnenschirm,Sonnenschirm für Schatten im Sommer.,yhashemi,20
Liegestuhl,Bequemer Liegestuhl zum Entspannen.,skusdoga,5
Hängematte,Robuste Hängematte für den Garten.,ssrioui,3
Gartenwerkzeug,Praktisches Gartenwerkzeug-Set.,vtran2,9
Schraubendreher,Verschiedene Schraubendreher für alle Zwecke.,dschne13,5
Bohrmaschine,Leistungsstarke Bohrmaschine für Heimwerker.,fschuh2,18
Akkuschrauber,Kompakter Akkuschrauber für schnelle Arbeiten.,lueberbe,5
Hobelmaschine,Effiziente Hobelmaschine für präzise Arbeiten.,dzajcev,12
Schleifmaschine,Leistungsstarke Schleifmaschine.,cacar2,14
Kettensäge,Kraftvolle Kettensäge für die Holzarbeit.,kelali,13
Laubsauger,Effizienter Laubsauger für den Herbst.,mhasan5,17
Laubbläser,Kraftvoller Laubbläser für Ihren Garten.,nasemota,13
Heckenschere,Elektrische Heckenschere für saubere Schnitte.,tdemuth,11
Rasentrimmer,Praktischer Rasentrimmer für saubere Kanten.,sdriouic,7
Hochdruckreiniger,Hochdruckreiniger für verschiedenste Reinigungsarbeiten.,jwendt3,8
Fahrrad,Robustes Fahrrad für Alltag und Freizeit.,kammar,11
Fahrradhelm,Sicherer Fahrradhelm für Ihre Sicherheit.,thorocho,11
Fahrradschloss,Starkes Fahrradschloss zum Schutz Ihres Rads.,fmecklen,10
Fahrradpumpe,Effiziente Fahrradpumpe für unterwegs.,emuth,13
Skateboard,Cooles Skateboard für Tricks und Fahrten.,mbidler,15
Inlineskates,Bequeme Inlineskates für sportliche Aktivitäten.,ljusseit,8
Rollschuhe,Klassische Rollschuhe für Spaß und Bewegung.,jschulza,20
Tretroller,Praktischer Tretroller für Kinder und Erwachsene.,dsuess1,16
Kanu,Stabiles Kanu für Flussfahrten.,nbetker,3
Kajak,Leichtes Kajak für Sport und Freizeit.,acescott,5
Schwimmweste,Sichere Schwimmweste für Wassersport.,jfoerst7,11
Smart Türschloss,"Dieses intelligente Türschloss bietet Ihnen eine sichere und bequeme Möglichkeit, Ihre Tür zu öffnen.",nmorczin,17
Elektro-Scooter,Mit diesem Elektro-Scooter kommen Sie schnell und umweltfreundlich an Ihr Ziel.,yhani,10
Gaming Stuhl,Der Gaming Stuhl bietet maximalen Komfort für lange Gaming-Sessions.,mkaestn1,10
3D Drucker,"Dieser 3D Drucker ermöglicht Ihnen, komplexe Objekte in hoher Präzision zu drucken.",tschulle,14
Drohne,Diese Drohne mit HD-Kamera ermöglicht beeindruckende Luftaufnahmen und Videos.,svomstei,14
Action-Kamera,Die Action-Kamera ist ideal für die Aufnahme von Abenteuern und sportlichen Aktivitäten.,ddick2,13
E-Book Reader,Der E-Book Reader bietet eine riesige Bibliothek an Büchern in einem kompakten Gerät.,fgalgano,8
Soundbar,Diese Soundbar verbessert Ihr Heimkino-Erlebnis mit kristallklarem Sound.,fhenkenj,4
Smart Thermostat,"Das Smart Thermostat hilft Ihnen, Ihre Heizkosten zu senken und die Temperatur zu steuern.",mlauria,2
Kabellose Ladestation,Die kabellose Ladestation lädt Ihre Geräte schnell und effizient auf.,mgueler2,12
VR-Headset,Das VR-Headset bietet Ihnen ein immersives Erlebnis in virtuellen Welten.,hihor,6
Elektrische Zahnbürste,Die elektrische Zahnbürste sorgt für eine gründliche Reinigung und ein strahlendes Lächeln.,akurmemo,13
Luftreiniger,Dieser Luftreiniger verbessert die Luftqualität in Ihrem Zuhause erheblich.,soezmen1,3
Smart Lichtsystem,"Das Smart Lichtsystem ermöglicht es Ihnen, die Beleuchtung nach Ihren Wünschen anzupassen.",ebuzkir,11
Induktionskochfeld,Das Induktionskochfeld bietet präzises und schnelles Kochen mit minimalem Energieverbrauch.,lhesse4,17
Elektrischer Grill,"Der elektrische Grill ermöglicht es Ihnen, leckere Speisen ohne Rauch und Flammen zu grillen.",anebling,17
Smarter Rauchmelder,Dieser smarte Rauchmelder erhöht die Sicherheit in Ihrem Zuhause.,breich,9
Roboter-Staubsauger,Der Roboter-Staubsauger reinigt Ihr Zuhause automatisch und spart Ihnen Zeit und Mühe.,eeisele,1
Elektrisches Skateboard,Dieses elektrische Skateboard bietet eine aufregende und schnelle Fahrt.,hkoop,5
Smartwatch Ladegerät,Das Smartwatch Ladegerät lädt Ihre Smartwatch schnell und zuverlässig auf.,skuske1,6
Smart Spiegel,"Dieser Smart Spiegel zeigt Ihnen nicht nur Ihr Spiegelbild, sondern auch Wetter und Nachrichten.",tmarienh,16
Bluetooth Lautsprecher,Der Bluetooth Lautsprecher bietet hervorragenden Klang und ist perfekt für unterwegs.,jmenn,9
Elektrischer Roller,Dieser elektrische Roller ist ideal für kurze Strecken in der Stadt.,orichte1,14
Einkaufsroboter,Der Einkaufsroboter begleitet Sie und trägt Ihre Einkäufe.,lruedena,6
Solar Ladegerät,"Das Solar Ladegerät nutzt Sonnenenergie, um Ihre Geräte aufzuladen.",ksebald,3
Digitale Bilderrahmen,Der digitale Bilderrahmen zeigt Ihre Lieblingsfotos in hoher Auflösung.,yhashemi,11
Karaoke Maschine,Mit der Karaoke Maschine wird jede Party ein Hit.,skusdoga,4
Intelligente Steckdose,Die intelligente Steckdose lässt sich per App oder Sprachbefehl steuern.,ssrioui,5
Elektronisches Türspion,"Das elektronische Türspion zeigt Ihnen, wer vor Ihrer Tür steht.",vtran2,6
Intelligenter Kühlschrank,"Der intelligente Kühlschrank hilft Ihnen, Lebensmittel besser zu organisieren und zu planen.",dschne13,15
Hochleistungsrouter,Der Hochleistungsrouter sorgt für eine stabile und schnelle Internetverbindung.,fschuh2,6
Gesichtssauna,Die Gesichtssauna reinigt Ihre Haut und öffnet die Poren.,lueberbe,20
Massagepistole,Die Massagepistole hilft bei der Entspannung und Regeneration der Muskeln.,dzajcev,6
Fitness Armband,"Das Fitness Armband trackt Ihre Aktivitäten und hilft Ihnen, fit zu bleiben.",cacar2,8
Smart Wasserkocher,Der Smart Wasserkocher lässt sich per App steuern und vorheizen.,kelali,7
Smart Wecker,Der Smart Wecker weckt Sie sanft mit Licht und Geräuschen.,mhasan5,11
Smart Türsensor,Der Smart Türsensor benachrichtigt Sie bei unbefugtem Zutritt.,nasemota,20
Automatische Seifenspender,Der automatische Seifenspender sorgt für eine hygienische Handwäsche.,tdemuth,12
WLAN Glühbirne,Die WLAN Glühbirne lässt sich in Helligkeit und Farbe per App steuern.,sdriouic,17
Smarte Bewässerungssystem,Das smarte Bewässerungssystem versorgt Ihre Pflanzen optimal mit Wasser.,jwendt3,14
Elektronische Katzenklappe,Die elektronische Katzenklappe öffnet sich nur für Ihre Katze.,kammar,19
Smart Hundehalsband,Das Smart Hundehalsband trackt die Aktivitäten Ihres Hundes.,thorocho,5
Intelligenter Mülleimer,"Der intelligente Mülleimer öffnet sich automatisch, wenn Sie sich nähern.",fmecklen,5
Energieüberwachungssteckdose,"Die Energieüberwachungssteckdose hilft Ihnen, Stromverbrauch zu überwachen und zu reduzieren.",emuth,14
Smart Türsprechanlage,"Die Smart Türsprechanlage ermöglicht Ihnen, Besucher von überall zu sehen und mit ihnen zu sprechen.",mbidler,11
Bewegungsmelder Kamera,Die Bewegungsmelder Kamera überwacht Ihr Zuhause und benachrichtigt Sie bei Bewegung.,ljusseit,15
Intelligenter Rauchmelder,Der intelligente Rauchmelder erhöht die Sicherheit in Ihrem Zuhause.,jschulza,12
Bluetooth Tracker,"Der Bluetooth Tracker hilft Ihnen, verlorene Gegenstände schnell wiederzufinden.",dsuess1,1
WiFi Extender,Der WiFi Extender erweitert die Reichweite Ihres WLANs.,nbetker,7
Elektrische Fußbodenheizung,Die elektrische Fußbodenheizung sorgt für warme Füße in kalten Monaten.,acescott,13
Luftbefeuchter,Der Luftbefeuchter verbessert die Luftqualität in Ihrem Zuhause.,jfoerst7,14
Intelligenter Thermostatventil,"Das intelligente Thermostatventil hilft Ihnen, Heizkosten zu sparen.",nmorczin,12
Smart Futterautomat,"Der Smart Futterautomat füttert Ihr Haustier auch, wenn Sie nicht zu Hause sind.",yhani,10
Smarte Klimaanlage,Die smarte Klimaanlage passt die Temperatur automatisch an Ihre Bedürfnisse an.,mkaestn1,15
Intelligente Fenster,Die intelligenten Fenster bieten optimale Wärmedämmung und Sonnenschutz.,tschulle,11
Smart Garagentoröffner,Der Smart Garagentoröffner lässt sich per App steuern.,svomstei,10
Solarbetriebene Überwachungskamera,Die solarbetriebene Überwachungskamera arbeitet umweltfreundlich und zuverlässig.,ddick2,17
Intelligenter Türknauf,Der intelligente Türknauf bietet zusätzliche Sicherheit und Komfort.,fgalgano,13
Elektrischer Vorhangöffner,Der elektrische Vorhangöffner lässt sich per Fernbedienung oder App steuern.,fhenkenj,9
Bluetooth Kopfhörer,Die Bluetooth Kopfhörer bieten hervorragenden Klang und kabellose Freiheit.,mlauria,19
Inception DVD,Ein geistreiches Thriller von Christopher Nolan.,mgueler2,9
The Matrix DVD,Ein Sci-Fi-Klassiker mit Keanu Reeves.,hihor,10
Interstellar DVD,Ein visuell beeindruckendes Weltraum-Epos von Christopher Nolan.,akurmemo,4
The Dark Knight DVD,Ein packender Superheldenfilm von Christopher Nolan.,soezmen1,7
Pulp Fiction DVD,Ein Kult-Krimi von Quentin Tarantino.,ebuzkir,10
The Lord of the Rings: The Fellowship of the Ring DVD,Der erste Teil der epischen Fantasy-Trilogie.,lhesse4,8
Fight Club DVD,Ein psychologisches Drama mit Brad Pitt und Edward Norton.,anebling,11
Forrest Gump DVD,Die herzerwärmende Geschichte eines außergewöhnlichen Lebens.,breich,16
The Shawshank Redemption DVD,Eine bewegende Geschichte von Hoffnung und Freundschaft im Gefängnis.,eeisele,5
Gladiator DVD,Ein episches Historien-Drama mit Russell Crowe.,hkoop,9
Thriller CD,Das meistverkaufte Album aller Zeiten von Michael Jackson.,skuske1,16
Back in Black CD,Ein Klassiker des Hard Rock von AC/DC.,tmarienh,4
The Dark Side of the Moon CD,Ein zeitloses Progressive-Rock-Meisterwerk von Pink Floyd.,jmenn,6
The Wall CD,Ein ikonisches Album von Pink Floyd.,orichte1,10
Abbey Road CD,Das legendäre Album der Beatles.,lruedena,19
Rumours CD,Ein großartiges Rock-Album von Fleetwood Mac.,ksebald,14
Hotel California CD,Ein ikonisches Rock-Album von den Eagles.,yhashemi,5
Led Zeppelin IV CD,Das vierte Album der legendären Band Led Zeppelin.,skusdoga,13
Born to Run CD,Ein episches Rock-Album von Bruce Springsteen.,ssrioui,17
The Joshua Tree CD,Ein prägendes Album der Rockgeschichte von U2.,vtran2,12
Buch: To Kill a Mockingbird,Ein Roman über Rassismus und Gerechtigkeit im amerikanischen Süden.,dschne13,11
Buch: 1984,Eine düstere Zukunftsvision über totale Überwachung und staatliche Kontrolle.,fschuh2,11
Buch: The Great Gatsby,Ein Porträt der amerikanischen Gesellschaft in den Roaring Twenties.,lueberbe,5
Buch: One Hundred Years of Solitude,"Eine magische Familiensaga, die die Geschichte Lateinamerikas widerspiegelt.",dzajcev,10
Buch: Moby Dick,Die epische Jagd nach einem riesigen weißen Wal.,cacar2,19
Buch: Pride and Prejudice,Eine kluge und witzige Analyse der Gesellschaft und der Ehe im England des 19. Jahrhunderts.,kelali,10
Buch: The Catcher in the Rye,Ein junger Mann kämpft mit dem Erwachsenwerden und der Heuchelei der Gesellschaft.,mhasan5,15
Buch: The Lord of the Rings,Ein episches Fantasy-Abenteuer über den Kampf zwischen Gut und Böse.,nasemota,5
Buch: The Hobbit,"Ein spannendes Abenteuer in einer fantastischen Welt, die von Drachen und anderen Kreaturen bevölkert wird.",tdemuth,11
Buch: Harry Potter and the Philosopher's Stone,"Der Beginn einer magischen Reise eines Jungen, der entdeckt, dass er ein Zauberer ist.",sdriouic,5
Vintage Schallplattenspieler,Ein Schallplattenspieler im Vintage-Design für nostalgische Musikliebhaber.,jwendt3,10
Faltbares Elektrofahrrad,"Ein leichtes, faltbares Elektrofahrrad ideal für Pendler und Stadtnutzer.",kammar,16
Elektronisches Schlagzeug,Ein kompaktes elektronisches Schlagzeug mit mehreren Drum-Pads und Sounds.,thorocho,2
Holzkohle Pizzaofen,Holzkohle Pizzaofen für perfekte Pizzen im Garten oder auf dem Balkon.,fmecklen,3
Smart Fensterreiniger,"Ein intelligenter Fensterreiniger-Roboter, der automatisch Fenster putzt.",emuth,3
Intelligente Gießkanne,"Gießkanne mit smarten Sensoren, die Pflanzenbedürfnisse erkennt und warnt.",mbidler,13
Solarbetriebener Rucksack,Ein Rucksack mit integrierten Solarpanelen zum Aufladen von Geräten unterwegs.,ljusseit,18
Elektrischer Weinkühler,Elektrischer Weinkühler für präzise Temperaturkontrolle und perfekte Weine.,jschulza,8
Akustik Schaumstoffplatten,Akustik Schaumstoffplatten zur Verbesserung der Raumakustik in Studios oder Büros.,dsuess1,19
Mini Beamer,Ein tragbarer Mini-Beamer für Filme und Präsentationen auf großer Leinwand.,nbetker,1
Smart Hula-Hoop-Reifen,Smart Hula-Hoop-Reifen mit Fitness-Tracking und Kalorienmessung.,acescott,3
Elektronische Yogamatte,Eine elektronische Yogamatte mit integrierten Sensoren zur Haltungskorrektur.,jfoerst7,12
Kabellose Haarschneidemaschine,Kabellose Haarschneidemaschine für präzise Haarschnitte und einfache Anwendung.,nmorczin,14
Tragbarer UV-Sterilisator,Tragbarer UV-Sterilisator zum Desinfizieren von Gegenständen unterwegs.,yhani,15
Laufband mit Steigung,Ein Laufband mit einstellbarer Steigung für intensives Training zu Hause.,mkaestn1,19
Intelligentes Schlafkissen,"Ein intelligentes Schlafkissen, das Schlafmuster überwacht und verbessert.",tschulle,10
Retro Popcornmaschine,Eine Retro Popcornmaschine für frisches Kino-Popcorn zu Hause.,svomstei,16
Wiederverwendbare Silikon-Lebensmittelbeutel,Wiederverwendbare Silikon-Lebensmittelbeutel zum nachhaltigen Aufbewahren von Lebensmitteln.,ddick2,19
Tragbarer Gasherd,Tragbarer Gasherd für Camping oder Outdoor-Kochen mit einfachem Transport.,fgalgano,11
Elektronischer Cocktailmixer,"Elektronischer Cocktailmixer, der perfekte Cocktails auf Knopfdruck zubereitet.",fhenkenj,8
CD-Player,Hochwertiger CD-Player mit exzellentem Klang.,mlauria,3
Computer,Leistungsstarker Computer für alle Ihre Bedürfnisse.,mgueler2,4
Tasse,Keramiktasse mit schönem Design.,hihor,15
Monitor,"24-Zoll-Full-HD-Monitor, ideal für Arbeit und Gaming.",akurmemo,14
Smartphone,Modernes Smartphone mit großem Display und langer Akkulaufzeit.,soezmen1,7
Tablet,Tablet mit hoher Auflösung und schnellem Prozessor.,ebuzkir,10
Drucker,Multifunktionsdrucker für Zuhause oder Büro.,lhesse4,15
Kopfhörer,Geräuschunterdrückende Kopfhörer für ein intensives Musikerlebnis.,anebling,1
Mikrowelle,Kompakte Mikrowelle mit verschiedenen Leistungsstufen.,breich,12
Kühlschrank,Geräumiger Kühlschrank mit Gefrierfach.,eeisele,14
Toaster,Toaster mit einstellbarem Bräunungsgrad.,hkoop,10
Waschmaschine,Effiziente Waschmaschine mit verschiedenen Programmen.,skuske1,5
Laptop,Leichtes und leistungsstarkes Laptop.,tmarienh,15
Staubsauger,Leistungsstarker Staubsauger mit HEPA-Filter.,jmenn,7
Fernseher,4K-Fernseher mit brillanter Bildqualität.,orichte1,9
Blender,Starker Mixer für Smoothies und mehr.,lruedena,12
Lichtschalter,Energiesparender Lichtschalter für Ihr Zuhause.,ksebald,15
Heizlüfter,Heizlüfter für schnelle Wärme an kalten Tagen.,yhashemi,17
Kaffeemaschine,Kaffeemaschine für aromatischen Kaffeegenuss.,skusdoga,12
Bügeleisen,Dampfbügeleisen für faltenfreie Kleidung.,ssrioui,20
Ventilator,Leiser Ventilator für heiße Sommertage.,vtran2,7
Tastatur,Mechanische Tastatur mit RGB-Beleuchtung.,dschne13,12
Maus,Ergonomische Maus für präzises Arbeiten.,fschuh2,19
Router,Schneller Router für stabile Internetverbindungen.,lueberbe,16
Modem,Kompaktes Modem für DSL- und Kabelverbindungen.,dzajcev,8
Schreibtischlampe,Stylische Schreibtischlampe mit LED-Licht.,cacar2,6
Sessel,Komfortabler Sessel für entspannte Abende.,kelali,18
Sofa,Großes Sofa mit viel Platz zum Entspannen.,mhasan5,14
Bett,Bequemes Bett mit hochwertiger Matratze.,nasemota,1
Schrank,Geräumiger Schrank für Ihre Kleidung.,tdemuth,11
Regal,Robustes Regal für Bücher und mehr.,sdriouic,20
Bücher,Interessante Bücher aus verschiedenen Genres.,jwendt3,8
DVD,Spannende DVD-Filme für gemütliche Abende.,kammar,4
Blu-Ray Player,Hochwertiger Blu-Ray Player mit 4K-Unterstützung.,thorocho,8
Spielkonsole,Spielkonsole für Gaming-Enthusiasten.,fmecklen,2
Smartwatch,Moderne Smartwatch mit vielen Funktionen.,emuth,7
Fitness Tracker,Fitness Tracker zur Überwachung Ihrer Aktivitäten.,mbidler,12
Kamera,Professionelle Kamera für tolle Fotos.,ljusseit,12
Stativ,Stabiles Stativ für verwacklungsfreie Aufnahmen.,jschulza,13
Objektiv,Hochwertiges Objektiv für verschiedene Fotografie-Bereiche.,dsuess1,1
Rucksack,Praktischer Rucksack für Alltag und Reisen.,nbetker,1
Handtasche,Elegante Handtasche aus echtem Leder.,acescott,17
Portemonnaie,Stilvolles Portemonnaie mit vielen Fächern.,jfoerst7,12
Sonnenbrille,Modische Sonnenbrille mit UV-Schutz.,nmorczin,19
Armbanduhr,Edle Armbanduhr für jeden Anlass.,yhani,1
Gitarre,Akustische Gitarre für Anfänger und Profis.,mkaestn1,19
Klavier,Elektronisches Klavier mit realistischen Klängen.,tschulle,13
Schlagzeug,Schlagzeug für rockige Musik.,svomstei,15
Mikrofon,Kondensatormikrofon für klare Aufnahmen.,ddick2,4
Lautsprecher,Kraftvolle Lautsprecher für Heim und Party.,fgalgano,8
Verstärker,Verstärker für Musiker und Musikliebhaber.,fhenkenj,16
Kabel,Verschiedene Kabel für Audio- und Videoverbindungen.,mlauria,6
Ladegerät,Schnelles Ladegerät für Smartphones und Tablets.,mgueler2,10
USB-Stick,Großer USB-Stick für Ihre Daten.,hihor,14
Festplatte,Externe Festplatte mit viel Speicherplatz.,akurmemo,16
SSD,Schnelle SSD für Ihren Computer.,soezmen1,8
Speicherkarte,Hochleistungs-Speicherkarte für Kamera und Handy.,ebuzkir,16
RAM,Zuverlässiger Arbeitsspeicher für Ihren PC.,lhesse4,14
Mainboard,Modernes Mainboard für aktuelle Prozessoren.,anebling,20
Prozessor,Schneller Prozessor für Gaming und Arbeit.,breich,1
Grafikkarte,Leistungsstarke Grafikkarte für beste Spieleleistung.,eeisele,2
Netzteil,Robustes Netzteil für Ihren Computer.,hkoop,14
PC-Gehäuse,Stilvolles PC-Gehäuse mit guter Belüftung.,skuske1,16
Laptop-Tasche,Praktische Laptop-Tasche mit viel Platz.,tmarienh,17
Schneeschaufel,Robuste Schneeschaufel für den Winter.,jmenn,19
Rasenmäher,Effizienter Rasenmäher für Ihren Garten.,orichte1,5
Gartenschlauch,Langer Gartenschlauch mit guter Reichweite.,lruedena,2
Grill,Stabiler Grill für die Grillsaison.,ksebald,13
Kohlegrill,Klassischer Kohlegrill für authentischen Geschmack.,yhashemi,8
Gasgrill,Bequemer Gasgrill für schnelles Grillen.,skusdoga,5
Feuerschale,Dekorative Feuerschale für den Garten.,ssrioui,5
Gartenstuhl,Komfortabler Gartenstuhl für draußen.,vtran2,7
Gartentisch,Großer Gartentisch für Familienfeiern.,dschne13,15
Sonnenschirm,Sonnenschirm für Schatten im Sommer.,fschuh2,14
Liegestuhl,Bequemer Liegestuhl zum Entspannen.,lueberbe,19
Hängematte,Robuste Hängematte für den Garten.,dzajcev,12
Gartenwerkzeug,Praktisches Gartenwerkzeug-Set.,cacar2,12
Schraubendreher,Verschiedene Schraubendreher für alle Zwecke.,kelali,5
Bohrmaschine,Leistungsstarke Bohrmaschine für Heimwerker.,mhasan5,6
Akkuschrauber,Kompakter Akkuschrauber für schnelle Arbeiten.,nasemota,16
Hobelmaschine,Effiziente Hobelmaschine für präzise Arbeiten.,tdemuth,17
Schleifmaschine,Leistungsstarke Schleifmaschine.,sdriouic,6
Kettensäge,Kraftvolle Kettensäge für die Holzarbeit.,jwendt3,15
Laubsauger,Effizienter Laubsauger für den Herbst.,kammar,20
Laubbläser,Kraftvoller Laubbläser für Ihren Garten.,thorocho,1
Heckenschere,Elektrische Heckenschere für saubere Schnitte.,fmecklen,1
Rasentrimmer,Praktischer Rasentrimmer für saubere Kanten.,emuth,15
Hochdruckreiniger,Hochdruckreiniger für verschiedenste Reinigungsarbeiten.,mbidler,9
Fahrrad,Robustes Fahrrad für Alltag und Freizeit.,ljusseit,18
Fahrradhelm,Sicherer Fahrradhelm für Ihre Sicherheit.,jschulza,1
Fahrradschloss,Starkes Fahrradschloss zum Schutz Ihres Rads.,dsuess1,2
Fahrradpumpe,Effiziente Fahrradpumpe für unterwegs.,nbetker,9
Skateboard,Cooles Skateboard für Tricks und Fahrten.,acescott,8
Inlineskates,Bequeme Inlineskates für sportliche Aktivitäten.,jfoerst7,2
Rollschuhe,Klassische Rollschuhe für Spaß und Bewegung.,nmorczin,14
Tretroller,Praktischer Tretroller für Kinder und Erwachsene.,yhani,8
Kanu,Stabiles Kanu für Flussfahrten.,mkaestn1,1
Kajak,Leichtes Kajak für Sport und Freizeit.,tschulle,6
Schwimmweste,Sichere Schwimmweste für Wassersport.,svomstei,10
Smart Türschloss,"Dieses intelligente Türschloss bietet Ihnen eine sichere und bequeme Möglichkeit, Ihre Tür zu öffnen.",ddick2,3
Elektro-Scooter,Mit diesem Elektro-Scooter kommen Sie schnell und umweltfreundlich an Ihr Ziel.,fgalgano,1
Gaming Stuhl,Der Gaming Stuhl bietet maximalen Komfort für lange Gaming-Sessions.,fhenkenj,11
3D Drucker,"Dieser 3D Drucker ermöglicht Ihnen, komplexe Objekte in hoher Präzision zu drucken.",mlauria,11
Drohne,Diese Drohne mit HD-Kamera ermöglicht beeindruckende Luftaufnahmen und Videos.,mgueler2,4
Action-Kamera,Die Action-Kamera ist ideal für die Aufnahme von Abenteuern und sportlichen Aktivitäten.,hihor,10
E-Book Reader,Der E-Book Reader bietet eine riesige Bibliothek an Büchern in einem kompakten Gerät.,akurmemo,5
Soundbar,Diese Soundbar verbessert Ihr Heimkino-Erlebnis mit kristallklarem Sound.,soezmen1,13
Smart Thermostat,"Das Smart Thermostat hilft Ihnen, Ihre Heizkosten zu senken und die Temperatur zu steuern.",ebuzkir,20
Kabellose Ladestation,Die kabellose Ladestation lädt Ihre Geräte schnell und effizient auf.,lhesse4,14
VR-Headset,Das VR-Headset bietet Ihnen ein immersives Erlebnis in virtuellen Welten.,anebling,16
Elektrische Zahnbürste,Die elektrische Zahnbürste sorgt für eine gründliche Reinigung und ein strahlendes Lächeln.,breich,16
Luftreiniger,Dieser Luftreiniger verbessert die Luftqualität in Ihrem Zuhause erheblich.,eeisele,12
Smart Lichtsystem,"Das Smart Lichtsystem ermöglicht es Ihnen, die Beleuchtung nach Ihren Wünschen anzupassen.",hkoop,6
Induktionskochfeld,Das Induktionskochfeld bietet präzises und schnelles Kochen mit minimalem Energieverbrauch.,skuske1,6
Elektrischer Grill,"Der elektrische Grill ermöglicht es Ihnen, leckere Speisen ohne Rauch und Flammen zu grillen.",tmarienh,1
Smarter Rauchmelder,Dieser smarte Rauchmelder erhöht die Sicherheit in Ihrem Zuhause.,jmenn,7
Roboter-Staubsauger,Der Roboter-Staubsauger reinigt Ihr Zuhause automatisch und spart Ihnen Zeit und Mühe.,orichte1,18
Elektrisches Skateboard,Dieses elektrische Skateboard bietet eine aufregende und schnelle Fahrt.,lruedena,12
Smartwatch Ladegerät,Das Smartwatch Ladegerät lädt Ihre Smartwatch schnell und zuverlässig auf.,ksebald,7
Smart Spiegel,"Dieser Smart Spiegel zeigt Ihnen nicht nur Ihr Spiegelbild, sondern auch Wetter und Nachrichten.",yhashemi,11
Bluetooth Lautsprecher,Der Bluetooth Lautsprecher bietet hervorragenden Klang und ist perfekt für unterwegs.,skusdoga,3
Elektrischer Roller,Dieser elektrische Roller ist ideal für kurze Strecken in der Stadt.,ssrioui,15
Einkaufsroboter,Der Einkaufsroboter begleitet Sie und trägt Ihre Einkäufe.,vtran2,6
Solar Ladegerät,"Das Solar Ladegerät nutzt Sonnenenergie, um Ihre Geräte aufzuladen.",dschne13,14
Digitale Bilderrahmen,Der digitale Bilderrahmen zeigt Ihre Lieblingsfotos in hoher Auflösung.,fschuh2,12
Karaoke Maschine,Mit der Karaoke Maschine wird jede Party ein Hit.,lueberbe,16
Intelligente Steckdose,Die intelligente Steckdose lässt sich per App oder Sprachbefehl steuern.,dzajcev,1
Elektronisches Türspion,"Das elektronische Türspion zeigt Ihnen, wer vor Ihrer Tür steht.",cacar2,17
Intelligenter Kühlschrank,"Der intelligente Kühlschrank hilft Ihnen, Lebensmittel besser zu organisieren und zu planen.",kelali,18
Hochleistungsrouter,Der Hochleistungsrouter sorgt für eine stabile und schnelle Internetverbindung.,mhasan5,2
Gesichtssauna,Die Gesichtssauna reinigt Ihre Haut und öffnet die Poren.,nasemota,7
Massagepistole,Die Massagepistole hilft bei der Entspannung und Regeneration der Muskeln.,tdemuth,17
Fitness Armband,"Das Fitness Armband trackt Ihre Aktivitäten und hilft Ihnen, fit zu bleiben.",sdriouic,10
Smart Wasserkocher,Der Smart Wasserkocher lässt sich per App steuern und vorheizen.,jwendt3,2
Smart Wecker,Der Smart Wecker weckt Sie sanft mit Licht und Geräuschen.,kammar,19
Smart Türsensor,Der Smart Türsensor benachrichtigt Sie bei unbefugtem Zutritt.,thorocho,1
Automatische Seifenspender,Der automatische Seifenspender sorgt für eine hygienische Handwäsche.,fmecklen,18
WLAN Glühbirne,Die WLAN Glühbirne lässt sich in Helligkeit und Farbe per App steuern.,emuth,9
Smarte Bewässerungssystem,Das smarte Bewässerungssystem versorgt Ihre Pflanzen optimal mit Wasser.,mbidler,19
Elektronische Katzenklappe,Die elektronische Katzenklappe öffnet sich nur für Ihre Katze.,ljusseit,14
Smart Hundehalsband,Das Smart Hundehalsband trackt die Aktivitäten Ihres Hundes.,jschulza,18
Intelligenter Mülleimer,"Der intelligente Mülleimer öffnet sich automatisch, wenn Sie sich nähern.",dsuess1,7
Energieüberwachungssteckdose,"Die Energieüberwachungssteckdose hilft Ihnen, Stromverbrauch zu überwachen und zu reduzieren.",nbetker,13
Smart Türsprechanlage,"Die Smart Türsprechanlage ermöglicht Ihnen, Besucher von überall zu sehen und mit ihnen zu sprechen.",acescott,12
Bewegungsmelder Kamera,Die Bewegungsmelder Kamera überwacht Ihr Zuhause und benachrichtigt Sie bei Bewegung.,jfoerst7,9
Intelligenter Rauchmelder,Der intelligente Rauchmelder erhöht die Sicherheit in Ihrem Zuhause.,nmorczin,5
Bluetooth Tracker,"Der Bluetooth Tracker hilft Ihnen, verlorene Gegenstände schnell wiederzufinden.",yhani,20
WiFi Extender,Der WiFi Extender erweitert die Reichweite Ihres WLANs.,mkaestn1,13
Elektrische Fußbodenheizung,Die elektrische Fußbodenheizung sorgt für warme Füße in kalten Monaten.,tschulle,7
Luftbefeuchter,Der Luftbefeuchter verbessert die Luftqualität in Ihrem Zuhause.,svomstei,2
Intelligenter Thermostatventil,"Das intelligente Thermostatventil hilft Ihnen, Heizkosten zu sparen.",ddick2,17
Smart Futterautomat,"Der Smart Futterautomat füttert Ihr Haustier auch, wenn Sie nicht zu Hause sind.",fgalgano,19
Smarte Klimaanlage,Die smarte Klimaanlage passt die Temperatur automatisch an Ihre Bedürfnisse an.,fhenkenj,10
Intelligente Fenster,Die intelligenten Fenster bieten optimale Wärmedämmung und Sonnenschutz.,mlauria,16
Smart Garagentoröffner,Der Smart Garagentoröffner lässt sich per App steuern.,mgueler2,17
Solarbetriebene Überwachungskamera,Die solarbetriebene Überwachungskamera arbeitet umweltfreundlich und zuverlässig.,hihor,18
Intelligenter Türknauf,Der intelligente Türknauf bietet zusätzliche Sicherheit und Komfort.,akurmemo,14
Elektrischer Vorhangöffner,Der elektrische Vorhangöffner lässt sich per Fernbedienung oder App steuern.,soezmen1,16
Bluetooth Kopfhörer,Die Bluetooth Kopfhörer bieten hervorragenden Klang und kabellose Freiheit.,ebuzkir,20
Inception DVD,Ein geistreiches Thriller von Christopher Nolan.,lhesse4,19
The Matrix DVD,Ein Sci-Fi-Klassiker mit Keanu Reeves.,anebling,10
Interstellar DVD,Ein visuell beeindruckendes Weltraum-Epos von Christopher Nolan.,breich,17
The Dark Knight DVD,Ein packender Superheldenfilm von Christopher Nolan.,eeisele,11
Pulp Fiction DVD,Ein Kult-Krimi von Quentin Tarantino.,hkoop,8
The Lord of the Rings: The Fellowship of the Ring DVD,Der erste Teil der epischen Fantasy-Trilogie.,skuske1,15
Fight Club DVD,Ein psychologisches Drama mit Brad Pitt und Edward Norton.,tmarienh,3
Forrest Gump DVD,Die herzerwärmende Geschichte eines außergewöhnlichen Lebens.,jmenn,13
The Shawshank Redemption DVD,Eine bewegende Geschichte von Hoffnung und Freundschaft im Gefängnis.,orichte1,19
Gladiator DVD,Ein episches Historien-Drama mit Russell Crowe.,lruedena,6
Thriller CD,Das meistverkaufte Album aller Zeiten von Michael Jackson.,ksebald,17
Back in Black CD,Ein Klassiker des Hard Rock von AC/DC.,yhashemi,12
The Dark Side of the Moon CD,Ein zeitloses Progressive-Rock-Meisterwerk von Pink Floyd.,skusdoga,9
The Wall CD,Ein ikonisches Album von Pink Floyd.,ssrioui,11
Abbey Road CD,Das legendäre Album der Beatles.,vtran2,6
Rumours CD,Ein großartiges Rock-Album von Fleetwood Mac.,dschne13,3
Hotel California CD,Ein ikonisches Rock-Album von den Eagles.,fschuh2,3
Led Zeppelin IV CD,Das vierte Album der legendären Band Led Zeppelin.,lueberbe,15
Born to Run CD,Ein episches Rock-Album von Bruce Springsteen.,dzajcev,2
The Joshua Tree CD,Ein prägendes Album der Rockgeschichte von U2.,cacar2,8
Buch: To Kill a Mockingbird,Ein Roman über Rassismus und Gerechtigkeit im amerikanischen Süden.,kelali,11
Buch: 1984,Eine düstere Zukunftsvision über totale Überwachung und staatliche Kontrolle.,mhasan5,7
Buch: The Great Gatsby,Ein Porträt der amerikanischen Gesellschaft in den Roaring Twenties.,nasemota,2
Buch: One Hundred Years of Solitude,"Eine magische Familiensaga, die die Geschichte Lateinamerikas widerspiegelt.",tdemuth,8
Buch: Moby Dick,Die epische Jagd nach einem riesigen weißen Wal.,sdriouic,1
Buch: Pride and Prejudice,Eine kluge und witzige Analyse der Gesellschaft und der Ehe im England des 19. Jahrhunderts.,jwendt3,19
Buch: The Catcher in the Rye,Ein junger Mann kämpft mit dem Erwachsenwerden und der Heuchelei der Gesellschaft.,kammar,6
Buch: The Lord of the Rings,Ein episches Fantasy-Abenteuer über den Kampf zwischen Gut und Böse.,thorocho,1
Buch: The Hobbit,"Ein spannendes Abenteuer in einer fantastischen Welt, die von Drachen und anderen Kreaturen bevölkert wird.",fmecklen,9
Buch: Harry Potter and the Philosopher's Stone,"Der Beginn einer magischen Reise eines Jungen, der entdeckt, dass er ein Zauberer ist.",emuth,10
Vintage Schallplattenspieler,Ein Schallplattenspieler im Vintage-Design für nostalgische Musikliebhaber.,mbidler,2
Faltbares Elektrofahrrad,"Ein leichtes, faltbares Elektrofahrrad ideal für Pendler und Stadtnutzer.",ljusseit,18
Elektronisches Schlagzeug,Ein kompaktes elektronisches Schlagzeug mit mehreren Drum-Pads und Sounds.,jschulza,14
Holzkohle Pizzaofen,Holzkohle Pizzaofen für perfekte Pizzen im Garten oder auf dem Balkon.,dsuess1,2
Smart Fensterreiniger,"Ein intelligenter Fensterreiniger-Roboter, der automatisch Fenster putzt.",nbetker,17
Intelligente Gießkanne,"Gießkanne mit smarten Sensoren, die Pflanzenbedürfnisse erkennt und warnt.",acescott,9
Solarbetriebener Rucksack,Ein Rucksack mit integrierten Solarpanelen zum Aufladen von Geräten unterwegs.,jfoerst7,8
Elektrischer Weinkühler,Elektrischer Weinkühler für präzise Temperaturkontrolle und perfekte Weine.,nmorczin,8
Akustik Schaumstoffplatten,Akustik Schaumstoffplatten zur Verbesserung der Raumakustik in Studios oder Büros.,yhani,16
Mini Beamer,Ein tragbarer Mini-Beamer für Filme und Präsentationen auf großer Leinwand.,mkaestn1,19
Smart Hula-Hoop-Reifen,Smart Hula-Hoop-Reifen mit Fitness-Tracking und Kalorienmessung.,tschulle,7
Elektronische Yogamatte,Eine elektronische Yogamatte mit integrierten Sensoren zur Haltungskorrektur.,svomstei,15
Kabellose Haarschneidemaschine,Kabellose Haarschneidemaschine für präzise Haarschnitte und einfache Anwendung.,ddick2,16
Tragbarer UV-Sterilisator,Tragbarer UV-Sterilisator zum Desinfizieren von Gegenständen unterwegs.,fgalgano,2
Laufband mit Steigung,Ein Laufband mit einstellbarer Steigung für intensives Training zu Hause.,fhenkenj,15
Intelligentes Schlafkissen,"Ein intelligentes Schlafkissen, das Schlafmuster überwacht und verbessert.",mlauria,9
Retro Popcornmaschine,Eine Retro Popcornmaschine für frisches Kino-Popcorn zu Hause.,mgueler2,6
Wiederverwendbare Silikon-Lebensmittelbeutel,Wiederverwendbare Silikon-Lebensmittelbeutel zum nachhaltigen Aufbewahren von Lebensmitteln.,hihor,7
Tragbarer Gasherd,Tragbarer Gasherd für Camping oder Outdoor-Kochen mit einfachem Transport.,akurmemo,11
Elektronischer Cocktailmixer,"Elektronischer Cocktailmixer, der perfekte Cocktails auf Knopfdruck zubereitet.",soezmen1,8
CD-Player,Hochwertiger CD-Player mit exzellentem Klang.,ebuzkir,4
Computer,Leistungsstarker Computer für alle Ihre Bedürfnisse.,lhesse4,3
Tasse,Keramiktasse mit schönem Design.,anebling,20
Monitor,"24-Zoll-Full-HD-Monitor, ideal für Arbeit und Gaming.",breich,17
Smartphone,Modernes Smartphone mit großem Display und langer Akkulaufzeit.,eeisele,8
Tablet,Tablet mit hoher Auflösung und schnellem Prozessor.,hkoop,4
Drucker,Multifunktionsdrucker für Zuhause oder Büro.,skuske1,3
Kopfhörer,Geräuschunterdrückende Kopfhörer für ein intensives Musikerlebnis.,tmarienh,1
Mikrowelle,Kompakte Mikrowelle mit verschiedenen Leistungsstufen.,jmenn,16
Kühlschrank,Geräumiger Kühlschrank mit Gefrierfach.,orichte1,8
Toaster,Toaster mit einstellbarem Bräunungsgrad.,lruedena,20
Waschmaschine,Effiziente Waschmaschine mit verschiedenen Programmen.,ksebald,13
Laptop,Leichtes und leistungsstarkes Laptop.,yhashemi,8
Staubsauger,Leistungsstarker Staubsauger mit HEPA-Filter.,skusdoga,8
Fernseher,4K-Fernseher mit brillanter Bildqualität.,ssrioui,14
Blender,Starker Mixer für Smoothies und mehr.,vtran2,15
Lichtschalter,Energiesparender Lichtschalter für Ihr Zuhause.,dschne13,16
Heizlüfter,Heizlüfter für schnelle Wärme an kalten Tagen.,fschuh2,13
Kaffeemaschine,Kaffeemaschine für aromatischen Kaffeegenuss.,lueberbe,19
Bügeleisen,Dampfbügeleisen für faltenfreie Kleidung.,dzajcev,2
Ventilator,Leiser Ventilator für heiße Sommertage.,cacar2,20
Tastatur,Mechanische Tastatur mit RGB-Beleuchtung.,kelali,3
Maus,Ergonomische Maus für präzises Arbeiten.,mhasan5,6
Router,Schneller Router für stabile Internetverbindungen.,nasemota,14
Modem,Kompaktes Modem für DSL- und Kabelverbindungen.,tdemuth,9
Schreibtischlampe,Stylische Schreibtischlampe mit LED-Licht.,sdriouic,20
Sessel,Komfortabler Sessel für entspannte Abende.,jwendt3,10
Sofa,Großes Sofa mit viel Platz zum Entspannen.,kammar,13
Bett,Bequemes Bett mit hochwertiger Matratze.,thorocho,3
Schrank,Geräumiger Schrank für Ihre Kleidung.,fmecklen,10
Regal,Robustes Regal für Bücher und mehr.,emuth,19
Bücher,Interessante Bücher aus verschiedenen Genres.,mbidler,11
DVD,Spannende DVD-Filme für gemütliche Abende.,ljusseit,6
Blu-Ray Player,Hochwertiger Blu-Ray Player mit 4K-Unterstützung.,jschulza,14
Spielkonsole,Spielkonsole für Gaming-Enthusiasten.,dsuess1,1
Smartwatch,Moderne Smartwatch mit vielen Funktionen.,nbetker,8
Fitness Tracker,Fitness Tracker zur Überwachung Ihrer Aktivitäten.,acescott,12
Kamera,Professionelle Kamera für tolle Fotos.,jfoerst7,18
Stativ,Stabiles Stativ für verwacklungsfreie Aufnahmen.,nmorczin,7
Objektiv,Hochwertiges Objektiv für verschiedene Fotografie-Bereiche.,yhani,1
Rucksack,Praktischer Rucksack für Alltag und Reisen.,mkaestn1,1
Handtasche,Elegante Handtasche aus echtem Leder.,tschulle,18
Portemonnaie,Stilvolles Portemonnaie mit vielen Fächern.,svomstei,5
Sonnenbrille,Modische Sonnenbrille mit UV-Schutz.,ddick2,18
Armbanduhr,Edle Armbanduhr für jeden Anlass.,fgalgano,1
Gitarre,Akustische Gitarre für Anfänger und Profis.,fhenkenj,19
Klavier,Elektronisches Klavier mit realistischen Klängen.,mlauria,6
Schlagzeug,Schlagzeug für rockige Musik.,mgueler2,4
Mikrofon,Kondensatormikrofon für klare Aufnahmen.,hihor,2
Lautsprecher,Kraftvolle Lautsprecher für Heim und Party.,akurmemo,13
Verstärker,Verstärker für Musiker und Musikliebhaber.,soezmen1,19
Kabel,Verschiedene Kabel für Audio- und Videoverbindungen.,ebuzkir,19
Ladegerät,Schnelles Ladegerät für Smartphones und Tablets.,lhesse4,16
USB-Stick,Großer USB-Stick für Ihre Daten.,anebling,18
Festplatte,Externe Festplatte mit viel Speicherplatz.,breich,14
SSD,Schnelle SSD für Ihren Computer.,eeisele,4
Speicherkarte,Hochleistungs-Speicherkarte für Kamera und Handy.,hkoop,7
RAM,Zuverlässiger Arbeitsspeicher für Ihren PC.,skuske1,15
Mainboard,Modernes Mainboard für aktuelle Prozessoren.,tmarienh,11
Prozessor,Schneller Prozessor für Gaming und Arbeit.,jmenn,14
Grafikkarte,Leistungsstarke Grafikkarte für beste Spieleleistung.,orichte1,10
Netzteil,Robustes Netzteil für Ihren Computer.,lruedena,11
PC-Gehäuse,Stilvolles PC-Gehäuse mit guter Belüftung.,ksebald,15
Laptop-Tasche,Praktische Laptop-Tasche mit viel Platz.,yhashemi,6
Schneeschaufel,Robuste Schneeschaufel für den Winter.,skusdoga,11
Rasenmäher,Effizienter Rasenmäher für Ihren Garten.,ssrioui,2
Gartenschlauch,Langer Gartenschlauch mit guter Reichweite.,vtran2,1
Grill,Stabiler Grill für die Grillsaison.,dschne13,20
Kohlegrill,Klassischer Kohlegrill für authentischen Geschmack.,fschuh2,15
Gasgrill,Bequemer Gasgrill für schnelles Grillen.,lueberbe,14
Feuerschale,Dekorative Feuerschale für den Garten.,dzajcev,14
Gartenstuhl,Komfortabler Gartenstuhl für draußen.,cacar2,7
Gartentisch,Großer Gartentisch für Familienfeiern.,kelali,19
Sonnenschirm,Sonnenschirm für Schatten im Sommer.,mhasan5,16
Liegestuhl,Bequemer Liegestuhl zum Entspannen.,nasemota,15
Hängematte,Robuste Hängematte für den Garten.,tdemuth,19
Gartenwerkzeug,Praktisches Gartenwerkzeug-Set.,sdriouic,3
Schraubendreher,Verschiedene Schraubendreher für alle Zwecke.,jwendt3,18
Bohrmaschine,Leistungsstarke Bohrmaschine für Heimwerker.,kammar,6
Akkuschrauber,Kompakter Akkuschrauber für schnelle Arbeiten.,thorocho,4
Hobelmaschine,Effiziente Hobelmaschine für präzise Arbeiten.,fmecklen,6
Schleifmaschine,Leistungsstarke Schleifmaschine.,emuth,14
Kettensäge,Kraftvolle Kettensäge für die Holzarbeit.,mbidler,8
Laubsauger,Effizienter Laubsauger für den Herbst.,ljusseit,12
Laubbläser,Kraftvoller Laubbläser für Ihren Garten.,jschulza,1
Heckenschere,Elektrische Heckenschere für saubere Schnitte.,dsuess1,19
Rasentrimmer,Praktischer Rasentrimmer für saubere Kanten.,nbetker,17
Hochdruckreiniger,Hochdruckreiniger für verschiedenste Reinigungsarbeiten.,acescott,3
Fahrrad,Robustes Fahrrad für Alltag und Freizeit.,jfoerst7,2
Fahrradhelm,Sicherer Fahrradhelm für Ihre Sicherheit.,nmorczin,3
Fahrradschloss,Starkes Fahrradschloss zum Schutz Ihres Rads.,yhani,14
Fahrradpumpe,Effiziente Fahrradpumpe für unterwegs.,mkaestn1,11
Skateboard,Cooles Skateboard für Tricks und Fahrten.,tschulle,1
Inlineskates,Bequeme Inlineskates für sportliche Aktivitäten.,svomstei,1
Rollschuhe,Klassische Rollschuhe für Spaß und Bewegung.,ddick2,14
Tretroller,Praktischer Tretroller für Kinder und Erwachsene.,fgalgano,8
Kanu,Stabiles Kanu für Flussfahrten.,fhenkenj,7
Kajak,Leichtes Kajak für Sport und Freizeit.,mlauria,5
Schwimmweste,Sichere Schwimmweste für Wassersport.,mgueler2,11
Smart Türschloss,"Dieses intelligente Türschloss bietet Ihnen eine sichere und bequeme Möglichkeit, Ihre Tür zu öffnen.",hihor,5
Elektro-Scooter,Mit diesem Elektro-Scooter kommen Sie schnell und umweltfreundlich an Ihr Ziel.,akurmemo,16
Gaming Stuhl,Der Gaming Stuhl bietet maximalen Komfort für lange Gaming-Sessions.,soezmen1,11
3D Drucker,"Dieser 3D Drucker ermöglicht Ihnen, komplexe Objekte in hoher Präzision zu drucken.",ebuzkir,12
Drohne,Diese Drohne mit HD-Kamera ermöglicht beeindruckende Luftaufnahmen und Videos.,lhesse4,20
Action-Kamera,Die Action-Kamera ist ideal für die Aufnahme von Abenteuern und sportlichen Aktivitäten.,anebling,20
E-Book Reader,Der E-Book Reader bietet eine riesige Bibliothek an Büchern in einem kompakten Gerät.,breich,13
Soundbar,Diese Soundbar verbessert Ihr Heimkino-Erlebnis mit kristallklarem Sound.,eeisele,16
Smart Thermostat,"Das Smart Thermostat hilft Ihnen, Ihre Heizkosten zu senken und die Temperatur zu steuern.",hkoop,2
Kabellose Ladestation,Die kabellose Ladestation lädt Ihre Geräte schnell und effizient auf.,skuske1,7
VR-Headset,Das VR-Headset bietet Ihnen ein immersives Erlebnis in virtuellen Welten.,tmarienh,5
Elektrische Zahnbürste,Die elektrische Zahnbürste sorgt für eine gründliche Reinigung und ein strahlendes Lächeln.,jmenn,16
Luftreiniger,Dieser Luftreiniger verbessert die Luftqualität in Ihrem Zuhause erheblich.,orichte1,16
Smart Lichtsystem,"Das Smart Lichtsystem ermöglicht es Ihnen, die Beleuchtung nach Ihren Wünschen anzupassen.",lruedena,11
Induktionskochfeld,Das Induktionskochfeld bietet präzises und schnelles Kochen mit minimalem Energieverbrauch.,ksebald,19
Elektrischer Grill,"Der elektrische Grill ermöglicht es Ihnen, leckere Speisen ohne Rauch und Flammen zu grillen.",yhashemi,17
Smarter Rauchmelder,Dieser smarte Rauchmelder erhöht die Sicherheit in Ihrem Zuhause.,skusdoga,2
Roboter-Staubsauger,Der Roboter-Staubsauger reinigt Ihr Zuhause automatisch und spart Ihnen Zeit und Mühe.,ssrioui,3
Elektrisches Skateboard,Dieses elektrische Skateboard bietet eine aufregende und schnelle Fahrt.,vtran2,2
Smartwatch Ladegerät,Das Smartwatch Ladegerät lädt Ihre Smartwatch schnell und zuverlässig auf.,dschne13,10
Smart Spiegel,"Dieser Smart Spiegel zeigt Ihnen nicht nur Ihr Spiegelbild, sondern auch Wetter und Nachrichten.",fschuh2,18
Bluetooth Lautsprecher,Der Bluetooth Lautsprecher bietet hervorragenden Klang und ist perfekt für unterwegs.,lueberbe,4
Elektrischer Roller,Dieser elektrische Roller ist ideal für kurze Strecken in der Stadt.,dzajcev,5
Einkaufsroboter,Der Einkaufsroboter begleitet Sie und trägt Ihre Einkäufe.,cacar2,9
Solar Ladegerät,"Das Solar Ladegerät nutzt Sonnenenergie, um Ihre Geräte aufzuladen.",kelali,18
Digitale Bilderrahmen,Der digitale Bilderrahmen zeigt Ihre Lieblingsfotos in hoher Auflösung.,mhasan5,1
Karaoke Maschine,Mit der Karaoke Maschine wird jede Party ein Hit.,nasemota,11
Intelligente Steckdose,Die intelligente Steckdose lässt sich per App oder Sprachbefehl steuern.,tdemuth,6
Elektronisches Türspion,"Das elektronische Türspion zeigt Ihnen, wer vor Ihrer Tür steht.",sdriouic,12
Intelligenter Kühlschrank,"Der intelligente Kühlschrank hilft Ihnen, Lebensmittel besser zu organisieren und zu planen.",jwendt3,11
Hochleistungsrouter,Der Hochleistungsrouter sorgt für eine stabile und schnelle Internetverbindung.,kammar,1
Gesichtssauna,Die Gesichtssauna reinigt Ihre Haut und öffnet die Poren.,thorocho,20
Massagepistole,Die Massagepistole hilft bei der Entspannung und Regeneration der Muskeln.,fmecklen,9
Fitness Armband,"Das Fitness Armband trackt Ihre Aktivitäten und hilft Ihnen, fit zu bleiben.",emuth,15
Smart Wasserkocher,Der Smart Wasserkocher lässt sich per App steuern und vorheizen.,mbidler,11
Smart Wecker,Der Smart Wecker weckt Sie sanft mit Licht und Geräuschen.,ljusseit,17
Smart Türsensor,Der Smart Türsensor benachrichtigt Sie bei unbefugtem Zutritt.,jschulza,13
Automatische Seifenspender,Der automatische Seifenspender sorgt für eine hygienische Handwäsche.,dsuess1,12
WLAN Glühbirne,Die WLAN Glühbirne lässt sich in Helligkeit und Farbe per App steuern.,nbetker,16
Smarte Bewässerungssystem,Das smarte Bewässerungssystem versorgt Ihre Pflanzen optimal mit Wasser.,acescott,3
Elektronische Katzenklappe,Die elektronische Katzenklappe öffnet sich nur für Ihre Katze.,jfoerst7,7
Smart Hundehalsband,Das Smart Hundehalsband trackt die Aktivitäten Ihres Hundes.,nmorczin,5
Intelligenter Mülleimer,"Der intelligente Mülleimer öffnet sich automatisch, wenn Sie sich nähern.",yhani,6
Energieüberwachungssteckdose,"Die Energieüberwachungssteckdose hilft Ihnen, Stromverbrauch zu überwachen und zu reduzieren.",mkaestn1,14
Smart Türsprechanlage,"Die Smart Türsprechanlage ermöglicht Ihnen, Besucher von überall zu sehen und mit ihnen zu sprechen.",tschulle,10
Bewegungsmelder Kamera,Die Bewegungsmelder Kamera überwacht Ihr Zuhause und benachrichtigt Sie bei Bewegung.,svomstei,9
Intelligenter Rauchmelder,Der intelligente Rauchmelder erhöht die Sicherheit in Ihrem Zuhause.,ddick2,15
Bluetooth Tracker,"Der Bluetooth Tracker hilft Ihnen, verlorene Gegenstände schnell wiederzufinden.",fgalgano,12
WiFi Extender,Der WiFi Extender erweitert die Reichweite Ihres WLANs.,fhenkenj,1
Elektrische Fußbodenheizung,Die elektrische Fußbodenheizung sorgt für warme Füße in kalten Monaten.,mlauria,20
Luftbefeuchter,Der Luftbefeuchter verbessert die Luftqualität in Ihrem Zuhause.,mgueler2,15
Intelligenter Thermostatventil,"Das intelligente Thermostatventil hilft Ihnen, Heizkosten zu sparen.",hihor,18
Smart Futterautomat,"Der Smart Futterautomat füttert Ihr Haustier auch, wenn Sie nicht zu Hause sind.",akurmemo,5
Smarte Klimaanlage,Die smarte Klimaanlage passt die Temperatur automatisch an Ihre Bedürfnisse an.,soezmen1,13
Intelligente Fenster,Die intelligenten Fenster bieten optimale Wärmedämmung und Sonnenschutz.,ebuzkir,6
Smart Garagentoröffner,Der Smart Garagentoröffner lässt sich per App steuern.,lhesse4,19
Solarbetriebene Überwachungskamera,Die solarbetriebene Überwachungskamera arbeitet umweltfreundlich und zuverlässig.,anebling,2
Intelligenter Türknauf,Der intelligente Türknauf bietet zusätzliche Sicherheit und Komfort.,breich,20
Elektrischer Vorhangöffner,Der elektrische Vorhangöffner lässt sich per Fernbedienung oder App steuern.,eeisele,14
Bluetooth Kopfhörer,Die Bluetooth Kopfhörer bieten hervorragenden Klang und kabellose Freiheit.,hkoop,2
Inception DVD,Ein geistreiches Thriller von Christopher Nolan.,skuske1,1
The Matrix DVD,Ein Sci-Fi-Klassiker mit Keanu Reeves.,tmarienh,3
Interstellar DVD,Ein visuell beeindruckendes Weltraum-Epos von Christopher Nolan.,jmenn,15
The Dark Knight DVD,Ein packender Superheldenfilm von Christopher Nolan.,orichte1,3
Pulp Fiction DVD,Ein Kult-Krimi von Quentin Tarantino.,lruedena,10
